-- ============================================================
-- DATA GENERATION FOR fruit_shop DATABASE
-- ============================================================
USE fruit_shop;
GO


-- 1. USERS (50 users)
-- Roles: 1: admin, 2: user, 3: guest
INSERT INTO users (role_id, full_name, email, phone, password_hash, status, created_at) VALUES
(1, N'Nguyễn Văn Admin', 'admin@fruitshop.com', '0901234567', 'hash_pass_123', 1, '2024-01-01'),
(2, N'Trần Thị Lan', 'lan.tran@gmail.com', '0912345678', 'hash_pass_456', 1, '2024-01-05'),
(2, N'Lê Văn Nam', 'nam.le@yahoo.com', '0923456789', 'hash_pass_789', 1, '2024-01-10'),
(2, N'Phạm Minh Tuấn', 'tuan.pm@gmail.com', '0934567890', 'hash_pass_321', 1, '2024-01-15'),
(2, N'Hoàng Thanh Hương', 'huong.ht@outlook.com', '0945678901', 'hash_pass_654', 1, '2024-01-20'),
(2, N'Đặng Văn Hùng', 'hung.dv@gmail.com', '0956789012', 'hash_pass_987', 1, '2024-01-25'),
(2, N'Bùi Mỹ Linh', 'linh.bm@gmail.com', '0967890123', 'hash_pass_159', 1, '2024-02-01'),
(2, N'Vũ Hoàng Long', 'long.vh@gmail.com', '0978901234', 'hash_pass_753', 1, '2024-02-05'),
(2, N'Ngô Thị Ngọc', 'ngoc.nt@gmail.com', '0989012345', 'hash_pass_951', 1, '2024-02-10'),
(2, N'Đỗ Anh Đức', 'duc.da@gmail.com', '0990123456', 'hash_pass_852', 1, '2024-02-15'),
(2, N'Hồ Bảo Châu', 'chau.hb@gmail.com', '0321234567', 'hash_pass_456', 1, '2024-02-20'),
(2, N'Lý Tiểu Long', 'long.lt@gmail.com', '0332345678', 'hash_pass_123', 1, '2024-02-25'),
(2, N'Trương Gia Bình', 'binh.tg@gmail.com', '0343456789', 'hash_pass_789', 1, '2024-03-01'),
(2, N'Phan Thanh Giản', 'gian.pt@gmail.com', '0354567890', 'hash_pass_321', 1, '2024-03-05'),
(2, N'Cao Bá Quát', 'quat.cb@gmail.com', '0365678901', 'hash_pass_654', 1, '2024-03-10'),
(2, N'Nguyễn Du', 'du.n@gmail.com', '0376789012', 'hash_pass_987', 1, '2024-03-15'),
(2, N'Trần Hưng Đạo', 'dao.th@gmail.com', '0387890123', 'hash_pass_159', 1, '2024-03-20'),
(2, N'Lê Lợi', 'loi.l@gmail.com', '0398901234', 'hash_pass_753', 1, '2024-03-25'),
(2, N'Quang Trung', 'trung.q@gmail.com', '0709012345', 'hash_pass_951', 1, '2024-04-01'),
(2, N'Nguyễn Huệ', 'hue.n@gmail.com', '0760123456', 'hash_pass_852', 1, '2024-04-05'),
(3, N'Khách vãng lai 1', 'guest1@fruitshop.com', '0771234567', NULL, 1, '2024-04-10'),
(3, N'Khách vãng lai 2', 'guest2@fruitshop.com', '0782345678', NULL, 1, '2024-04-15'),
(2, N'Vương Đình Huệ', 'hue.vd@gmail.com', '0793456789', 'hash_pass_123', 1, '2024-04-20'),
(2, N'Phạm Minh Chính', 'chinh.pm@gmail.com', '0814567890', 'hash_pass_456', 1, '2024-04-25'),
(2, N'Trương Thị Mai', 'mai.tt@gmail.com', '0825678901', 'hash_pass_789', 1, '2024-05-01'),
(2, N'Trần Thanh Mẫn', 'man.tt@gmail.com', '0836789012', 'hash_pass_321', 1, '2024-05-05'),
(2, N'Tô Lâm', 'lam.t@gmail.com', '0847890123', 'hash_pass_654', 1, '2024-05-10'),
(2, N'Lương Cường', 'cuong.l@gmail.com', '0858901234', 'hash_pass_987', 1, '2024-05-15'),
(2, N'Phan Đình Trạc', 'trac.pd@gmail.com', '0869012345', 'hash_pass_159', 1, '2024-05-20'),
(2, N'Nguyễn Xuân Thắng', 'thang.nx@gmail.com', '0870123456', 'hash_pass_753', 1, '2024-05-25'),
(2, N'Nguyễn Hòa Bình', 'binh.nh@gmail.com', '0881234567', 'hash_pass_951', 1, '2024-06-01'),
(2, N'Lê Minh Hưng', 'hung.lm@gmail.com', '0892345678', 'hash_pass_852', 1, '2024-06-05'),
(2, N'Nguyễn Trọng Nghĩa', 'nghia.nt@gmail.com', '0901234568', 'hash_pass_123', 1, '2024-06-10'),
(2, N'Đỗ Văn Chiến', 'chien.dv@gmail.com', '0912345679', 'hash_pass_456', 1, '2024-06-15'),
(2, N'Lê Minh Khái', 'khai.lm@gmail.com', '0923456780', 'hash_pass_789', 1, '2024-06-20'),
(2, N'Trần Lưu Quang', 'quang.tl@gmail.com', '0934567891', 'hash_pass_321', 1, '2024-06-25'),
(2, N'Trần Hồng Hà', 'ha.th@gmail.com', '0945678902', 'hash_pass_654', 1, '2024-07-01'),
(2, N'Lê Thành Long', 'long.lt2@gmail.com', '0956789013', 'hash_pass_987', 1, '2024-07-05'),
(2, N'Nguyễn Duy Ngọc', 'ngoc.nd@gmail.com', '0967890124', 'hash_pass_159', 1, '2024-07-10'),
(2, N'Trịnh Đình Dũng', 'dung.td@gmail.com', '0978901235', 'hash_pass_753', 1, '2024-07-15'),
(2, N'Mai Tiến Dũng', 'dung.mt@gmail.com', '0989012346', 'hash_pass_951', 1, '2024-07-20'),
(2, N'Chu Ngọc Anh', 'anh.cn@gmail.com', '0990123457', 'hash_pass_852', 1, '2024-07-25'),
(2, N'Nguyễn Thanh Long', 'long.nt@gmail.com', '0321234568', 'hash_pass_123', 0, '2024-08-01'), -- Blocked/Unverified
(2, N'Phạm Xuân Thăng', 'thang.px@gmail.com', '0332345679', 'hash_pass_456', 0, '2024-08-05'),
(2, N'Nguyễn Đức Chung', 'chung.nd@gmail.com', '0343456780', 'hash_pass_789', 0, '2024-08-10'),
(2, N'Tất Thành Cang', 'cang.tt@gmail.com', '0354567891', 'hash_pass_321', 0, '2024-08-15'),
(2, N'Đinh La Thăng', 'thang.dl@gmail.com', '0365678902', 'hash_pass_654', 0, '2024-08-20'),
(3, N'Khách vãng lai 3', 'guest3@fruitshop.com', '0376789013', NULL, 1, '2024-08-25'),
(3, N'Khách vãng lai 4', 'guest4@fruitshop.com', '0387890124', NULL, 1, '2024-08-30'),
(2, N'Nguyễn Văn A', 'a.nv@gmail.com', '0398901235', 'hash_pass_123', 1, '2024-09-01');

-- 2. SUPPLIERS (20 suppliers)
INSERT INTO suppliers (name, phone, email, address, status) VALUES
(N'Công ty TNHH Trái Cây Nhập Khẩu GreenWay', '0281234567', 'info@greenway.vn', N'123 Lê Lợi, Quận 1, TP.HCM', 1),
(N'Nông Trại Hữu Cơ Đà Lạt', '0263312345', 'contact@dalatorganic.vn', N'456 Phù Đổng Thiên Vương, Đà Lạt', 1),
(N'Tổng kho Trái Cây Miền Tây', '0292312345', 'kho@mientayfruit.com', N'789 Cách Mạng Tháng 8, Cần Thơ', 1),
(N'Fruit World International', '0243123456', 'sales@fruitworld.com', N'101 Láng Hạ, Đống Đa, Hà Nội', 1),
(N'Nhà cung cấp Táo Envy New Zealand', '0123456789', 'envy@nzfruit.com', N'Auckland, New Zealand', 1),
(N'Nho Hàn Quốc Shine Muscat', '0987654321', 'korea.grapes@shunemuscata.kr', N'Seoul, South Korea', 1),
(N'Cam sành Tiền Giang - Út Hạnh', '0345678901', 'uthanh@tiengiang.vn', N'Cái Bè, Tiền Giang', 1),
(N'Vựa sầu riêng Ri6 Cái Mơn', '0356789012', 'ri6@bentre.vn', N'Chợ Lách, Bến Tre', 1),
(N'Bưởi da xanh Bến Tre', '0367890123', 'buoi@bentre.vn', N'Mỏ Cày Bắc, Bến Tre', 1),
(N'Xoài cát Hòa Lộc Cao Lãnh', '0378901234', 'xoai@dongthap.vn', N'Cao Lãnh, Đồng Tháp', 1),
(N'Nhà vườn thanh long Bình Thuận', '0389012345', 'thanhlong@binhthuan.vn', N'Hàm Thuận Nam, Bình Thuận', 1),
(N'Vải thiều Lục Ngạn', '0390123456', 'vai@bacgiang.vn', N'Lục Ngạn, Bắc Giang', 1),
(N'Nhãn lồng Hưng Yên', '0221312345', 'nhanlong@hungyen.vn', N'Khoái Châu, Hưng Yên', 1),
(N'Na Chi Lăng Lạng Sơn', '0205312345', 'na@langson.vn', N'Chi Lăng, Lạng Sơn', 1),
(N'Dâu tây Đà Lạt xuất khẩu', '0263354321', 'strawberry@dalat.vn', N'Lạc Dương, Lâm Đồng', 1),
(N'Mãng cầu Xiêm Tây Ninh', '0276312345', 'mangcau@tayninh.vn', N'Gò Dầu, Tây Ninh', 1),
(N'Chôm chôm Long Khánh', '0251312345', 'chomchom@dongnai.vn', N'Long Khánh, Đồng Nai', 1),
(N'Măng cụt Lái Thiêu', '0274312345', 'mangcut@binhduong.vn', N'Thuận An, Bình Dương', 1),
(N'Vú sữa Lò Rèn Vĩnh Kim', '0273312345', 'vusua@tiengiang.vn', N'Châu Thành, Tiền Giang', 1),
(N'Quýt hồng Lai Vung', '0277312345', 'quyt@dongthap.vn', N'Lai Vung, Đồng Tháp', 1);
-- 3. CATEGORIES (Đệ quy - 15 categories)
INSERT INTO categories (parent_id, name, status) VALUES
(NULL, N'Trái cây nhập khẩu', 1), -- ID: 1
(NULL, N'Trái cây nội địa', 1),  -- ID: 2
(NULL, N'Quà tặng trái cây', 1),  -- ID: 3
(1, N'Táo nhập khẩu', 1),        -- ID: 4 (con của 1)
(1, N'Nho nhập khẩu', 1),        -- ID: 5 (con của 1)
(1, N'Cam/Quýt nhập khẩu', 1),   -- ID: 6 (con của 1)
(1, N'Lê nhập khẩu', 1),         -- ID: 7 (con của 1)
(2, N'Đặc sản miền Tây', 1),     -- ID: 8 (con của 2)
(2, N'Đặc sản Đà Lạt', 1),       -- ID: 9 (con của 2)
(2, N'Trái cây vùng cao', 1),    -- ID: 10 (con của 2)
(3, N'Giỏ quà Tết', 1),          -- ID: 11 (con của 16)
(3, N'Giỏ quà khai trương', 1),  -- ID: 12 (con của 16)
(3, N'Giỏ quà sinh nhật', 1),    -- ID: 13 (con của 16)
(2, N'Trái cây mùa vụ', 1),      -- ID: 14 (con của 2)
(1, N'Cherry nhập khẩu', 1),      -- ID: 15 (con của 1)
(3, N'Giỏ quà trái cây', 1),      -- ID: 16 (con của 3)
(3, N'Hộp quà trái cây', 1),  -- ID: 17 (con của 3)
(3, N'Hộp quà cơ bản', 1),    -- ID: 18 (con của 17)
(3, N'Hộp quà tiêu chuẩn', 1),  -- ID: 19 (con của 17 )
(3, N'Hộp quà cao cấp', 1);    -- ID: 20 (con của 17)
select *from categories;
-- 4. PRODUCTS (50 products)
-- Column order: category_id, supplier_id, sku, image_url, name, price, stock_quantity, origin, unit, discount_price, is_featured, description, status
-- CHUYỂN ĐỔI DỮ LIỆU SANG DB MỚI (SỬ DỤNG % GIẢM GIÁ)
-- Cột discount_percent được tính toán làm tròn 2 chữ số thập phân
INSERT INTO products (category_id, supplier_id, sku, name, price, stock_quantity, origin, unit, discount_percent, is_featured, description, status) VALUES
(4, 5, 'APP-ENVY-01', N'Táo Envy New Zealand Size 24', 250000, 0, N'New Zealand', N'Kg', 6.00, 1, N'Táo Envy nổi tiếng với độ giòn cao, vị ngọt đậm đà và hương thơm đặc trưng.', 1),
(4, 5, 'APP-GALA-01', N'Táo Gala Mỹ', 120000, 0, N'Mỹ', N'Kg', 0.00, 0, N'Táo Gala có vị ngọt thanh, vỏ mỏng, phù hợp cho trẻ nhỏ.', 1),
(5, 6, 'GRA-SHINE-01', N'Nho Mẫu Đơn Shine Muscat Hàn Quốc', 850000, 0, N'Hàn Quốc', N'Khay', 7.06, 1, N'Nho mẫu đơn chuẩn Hàn, trái to, ngọt lịm, thơm mùi sữa đặc trưng.', 1),
(5, 6, 'GRA-BLACK-01', N'Nho Đen Không Hạt Úc', 190000, 0, N'Úc', N'Kg', 7.89, 0, N'Nho đen Úc giòn, ngọt, không hạt, rất giàu dinh dưỡng.', 1),
(6, 4, 'ORA-AUS-01', N'Cam Vàng Navel Úc', 110000, 0, N'Úc', N'Kg', 0.00, 0, N'Cam Navel Úc vỏ vàng óng, mọng nước, không hạt.', 1),
(7, 4, 'PEAR-KOR-01', N'Lê Nâu Hàn Quốc', 150000, 0, N'Hàn Quốc', N'Kg', 10.00, 0, N'Lê nâu Hàn Quốc trái to, nhiều nước, vị ngọt mát.', 1),
(15, 1, 'BER-STRAW-01', N'Dâu Tây Hàn Quốc JoyFarm', 450000, 0, N'Hàn Quốc', N'Hộp', 0.00, 1, N'Dâu tây Hàn Quốc tươi ngon, mùi thơm nồng nàn.', 1),
(15, 1, 'BER-BLUE-01', N'Việt Quất New Zealand', 180000, 0, N'New Zealand', N'Hộp', 8.33, 1, N'Việt quất New Zealand quả to, cứng, vị chua ngọt hài hòa.', 1),
(8, 7, 'SAD-TG-01', N'Cam Sành Tiền Giang', 35000, 0, N'Việt Nam', N'Kg', 0.00, 0, N'Cam sành Tiền Giang mọng nước, vỏ sần.', 1),
(8, 8, 'SR-RI6-01', N'Sầu Riêng Ri6 Cái Mơn', 150000, 0, N'Việt Nam', N'Kg', 6.67, 1, N'Sầu riêng Ri6 cơm vàng, hạt lép, vị béo ngậy.', 1),
(8, 9, 'BUOI-DX-01', N'Bưởi Da Xanh Bến Tre', 65000, 0, N'Việt Nam', N'Quả', 0.00, 0, N'Bưởi da xanh tép hồng, vị ngọt thanh.', 1),
(8, 10, 'XOAI-HL-01', N'Xoài Cát Hòa Lộc', 95000, 0, N'Việt Nam', N'Kg', 0.00, 1, N'Xoài cát Hòa Lộc thơm nức, vị ngọt đậm.', 1),
(10, 12, 'VAI-LN-01', N'Vải Thiều Lục Ngạn (Mùa)', 45000, 0, N'Việt Nam', N'Kg', 0.00, 0, N'Vải thiều Lục Ngạn cùi dày, hạt nhỏ.', 1),
(10, 13, 'NHAN-HY-01', N'Nhãn Lồng Hưng Yên', 55000, 0, N'Việt Nam', N'Kg', 0.00, 0, N'Nhãn lồng Hưng Yên tiến vua xưa.', 1),
(9, 15, 'DAU-DL-01', N'Dâu Tây Đà Lạt New Zealand', 220000, 0, N'Việt Nam', N'Hộp', 11.36, 0, N'Dâu tây giống New Zealand trồng tại Đà Lạt.', 1),
(11, 1, 'GIO-TET-01', N'Giỏ Quà Tết Phú Quý', 1500000, 0, N'Đa quốc gia', N'Giỏ', 10.00, 1, N'Giỏ quà Tết kết hợp các loại trái cây nhập khẩu cao cấp.', 1),
(12, 1, 'GIO-KT-01', N'Giỏ Quà Khai Trương Hồng Phát', 1200000, 0, N'Đa quốc gia', N'Giỏ', 0.00, 1, N'Giỏ quà mang ý nghĩa tài lộc cho lễ khai trương.', 1),
(4, 5, 'APP-ROCK-01', N'Táo Rockit New Zealand (Ống 4 quả)', 135000, 0, N'New Zealand', N'Ống', 7.41, 1, N'Táo Rockit kích thước nhỏ gọn, độ ngọt cao, đựng trong ống sang trọng.', 1),
(5, 6, 'GRA-RED-01', N'Nho Đỏ Không Hạt Mỹ', 220000, 0, N'Mỹ', N'Kg', 9.55, 0, N'Nho đỏ Mỹ giòn, vỏ mỏng, vị ngọt dịu.', 1),
(6, 4, 'ORA-EGY-01', N'Cam Ai Cập Size 48', 65000, 0, N'Ai Cập', N'Kg', 0.00, 0, N'Cam Ai Cập nổi tiếng thế giới về độ mọng nước.', 1),
(7, 4, 'PEAR-NAM-01', N'Lê Nam Phi', 95000, 0, N'Nam Phi', N'Kg', 10.53, 0, N'Lê Nam Phi má hồng, vị ngọt thanh mát.', 1),
(8, 11, 'TL-BT-01', N'Thanh Long Ruột Đỏ Bình Thuận', 40000, 0, N'Việt Nam', N'Kg', 0.00, 0, N'Thanh long ruột đỏ màu sắc bắt mắt, tốt cho sức khỏe.', 1),
(8, 16, 'MC-TN-01', N'Mãng Cầu Xiêm Tây Ninh', 50000, 0, N'Việt Nam', N'Kg', 0.00, 0, N'Mãng cầu xiêm Tây Ninh thịt trắng, vị chua ngọt.', 1),
(8, 17, 'CC-LK-01', N'Chôm Chôm Nhãn Long Khánh', 35000, 0, N'Việt Nam', N'Kg', 0.00, 0, N'Chôm chôm nhãn giòn, tróc hạt.', 1),
(8, 18, 'MC-LT-01', N'Măng Cụt Lái Thiêu', 85000, 0, N'Việt Nam', N'Kg', 0.00, 1, N'Măng cụt Lái Thiêu vua của các loại trái cây.', 1),
(8, 19, 'VS-LR-01', N'Vú Sữa Lò Rèn Vĩnh Kim', 75000, 0, N'Việt Nam', N'Kg', 0.00, 0, N'Vú sữa Lò Rèn thơm mùi sữa, vị ngọt lịm.', 1),
(8, 20, 'QHT-LV-01', N'Quýt Hồng Lai Vung', 60000, 0, N'Việt Nam', N'Kg', 0.00, 0, N'Quýt hồng Lai Vung nổi tiếng miền Tây.', 1),
(4, 5, 'APP-AMB-01', N'Táo Ambrosia Canada', 145000, 0, N'Canada', N'Kg', 11.03, 0, N'Táo Ambrosia vỏ đỏ hồng, vị ngọt dịu như mật ong.', 1),
(4, 5, 'APP-FUJI-01', N'Táo Fuji Nhật Bản', 350000, 0, N'Nhật Bản', N'Kg', 8.57, 1, N'Táo Fuji Nhật Bản quả siêu to, ngọt và giòn tan.', 1),
(5, 6, 'GRA-AUT-01', N'Nho Ngón Tay Úc', 350000, 0, N'Úc', N'Kg', 7.14, 1, N'Nho ngón tay hình dáng độc đáo, cực kỳ ngọt.', 1),
(6, 4, 'ORA-SUNK-01', N'Cam Sunkist Mỹ', 130000, 0, N'Mỹ', N'Kg', 0.00, 0, N'Cam Sunkist thương hiệu cam lâu đời nhất thế giới.', 1),
(15, 1, 'BER-RASP-01', N'Phúc Bồn Tử Đà Lạt', 250000, 0, N'Việt Nam', N'Hộp', 0.00, 0, N'Phúc bồn tử tươi giàu chất chống oxy hóa.', 1),
(15, 1, 'BER-CHERRY-01', N'Cherry Đỏ Mỹ Size 9.5', 490000, 0, N'Mỹ', N'Kg', 8.16, 1, N'Cherry đỏ Mỹ size lớn, chắc quả, vị ngọt đậm.', 1),
(15, 1, 'BER-CHERRY-02', N'Cherry Vàng Mỹ', 650000, 0, N'Mỹ', N'Kg', 9.23, 1, N'Cherry vàng Rainier ngọt nhất trong các loại cherry.', 1),
(14, 12, 'VAI-TH-01', N'Vải Trứng Hưng Yên', 120000, 0, N'Việt Nam', N'Kg', 0.00, 1, N'Vải trứng kích thước kỷ lục, vị ngọt đặc biệt.', 1),
(14, 7, 'CAM-XN-01', N'Cam Xoàn Lai Vung', 75000, 0, N'Việt Nam', N'Kg', 0.00, 0, N'Cam xoàn vị ngọt thanh nhất trong các dòng cam nội.', 1),
(10, 14, 'NA-CL-01', N'Na Chi Lăng Lạng Sơn', 80000, 0, N'Việt Nam', N'Kg', 0.00, 0, N'Na Chi Lăng thịt trắng bùi, ít hạt.', 1),
(8, 10, 'XOAI-TC-01', N'Xoài Tứ Quý An Giang', 40000, 0, N'Việt Nam', N'Kg', 0.00, 0, N'Xoài tứ quý giòn, chua ngọt.', 1),
(8, 8, 'SR-MS-01', N'Sầu Riêng Musang King (Đông lạnh)', 600000, 0, N'Malaysia', N'Khay', 8.33, 1, N'Vua sầu riêng thế giới, nhập khẩu trực tiếp Malaysia.', 1),
(2, 2, 'DUA-DL-01', N'Dưa Lưới Taki Đà Lạt', 95000, 0, N'Việt Nam', N'Quả', 10.53, 1, N'Dưa lưới Taki giống Nhật trồng tại Đà Lạt.', 1),
(2, 2, 'DUA-HAU-01', N'Dưa Hấu Không Hạt', 25000, 0, N'Việt Nam', N'Kg', 0.00, 0, N'Dưa hấu không hạt tiện lợi cho gia đình.', 1),
(2, 3, 'DUA-XIEM-01', N'Dừa Xiêm Bến Tre', 15000, 0, N'Việt Nam', N'Quả', 0.00, 0, N'Dừa xiêm xanh Bến Tre ngọt mát.', 1),
(2, 3, 'DU-DU-01', N'Đu Đủ Ruột Đỏ', 25000, 0, N'Việt Nam', N'Kg', 0.00, 0, N'Đu đủ chín cây ngọt lịm.', 1),
(2, 3, 'CHUOI- gia-01', N'Chuối Già Nam Mỹ', 20000, 0, N'Việt Nam', N'Kg', 0.00, 0, N'Chuối già tiêu chuẩn xuất khẩu.', 1),
(2, 3, 'XOAI- DAI-01', N'Xoài Đài Loan', 30000, 0, N'Việt Nam', N'Kg', 0.00, 0, N'Xoài Đài Loan quả to, thích hợp ăn xanh.', 1),
(2, 8, 'MIT-THAI-01', N'Mít Thái Lá Bàng', 45000, 0, N'Việt Nam', N'Kg', 0.00, 0, N'Mít thái giòn, ngọt vừa.', 1),
(2, 8, 'MIT-TO-NU-01', N'Mít Tố Nữ Long Khánh', 55000, 0, N'Việt Nam', N'Kg', 0.00, 0, N'Mít tố nữ thơm lừng, đặc sản Đồng Nai.', 1),
(2, 10, 'SAPO-01', N'Sapo Mặc Bắc Tiền Giang', 45000, 0, N'Việt Nam', N'Kg', 0.00, 0, N'Sapo (Hồng xiêm) Mặc Bắc Tiền Giang ngọt lịm.', 1),
(2, 11, 'OI-NQ-01', N'Ổi Nữ Hoàng', 25000, 0, N'Việt Nam', N'Kg', 0.00, 0, N'Ổi nữ hoàng ít hạt, cực kỳ giòn.', 1),
(13, 1, 'GIO-SN-01', N'Giỏ Trái Cây Sinh Nhật Sang Trọng', 850000, 0, N'Đa quốc gia', N'Giỏ', 7.06, 1, N'Giỏ quà thiết kế tinh tế cho dịp sinh nhật.', 1);

-- 5. INVENTORY LOGS (50 logs to seed stock_quantity via Trigger)
INSERT INTO inventory_logs (product_id, change_type, quantity, note) VALUES
(1, 'import', 100, N'Nhập hàng đầu kỳ'), (2, 'import', 100, N'Nhập hàng đầu kỳ'),
(3, 'import', 50, N'Nhập hàng đầu kỳ'), (4, 'import', 200, N'Nhập hàng đầu kỳ'),
(5, 'import', 150, N'Nhập hàng đầu kỳ'), (6, 'import', 80, N'Nhập hàng đầu kỳ'),
(7, 'import', 40, N'Nhập hàng đầu kỳ'), (8, 'import', 60, N'Nhập hàng đầu kỳ'),
(9, 'import', 500, N'Nhập hàng đầu kỳ'), (10, 'import', 100, N'Nhập hàng đầu kỳ'),
(11, 'import', 200, N'Nhập hàng đầu kỳ'), (12, 'import', 150, N'Nhập hàng đầu kỳ'),
(13, 'import', 1000, N'Nhập hàng đầu kỳ'), (14, 'import', 500, N'Nhập hàng đầu kỳ'),
(15, 'import', 100, N'Nhập hàng đầu kỳ'), (16, 'import', 20, N'Nhập hàng đầu kỳ'),
(17, 'import', 30, N'Nhập hàng đầu kỳ'), (18, 'import', 200, N'Nhập hàng đầu kỳ'),
(19, 'import', 150, N'Nhập hàng đầu kỳ'), (20, 'import', 300, N'Nhập hàng đầu kỳ'),
(21, 'import', 200, N'Nhập hàng đầu kỳ'), (22, 'import', 500, N'Nhập hàng đầu kỳ'),
(23, 'import', 300, N'Nhập hàng đầu kỳ'), (24, 'import', 1000, N'Nhập hàng đầu kỳ'),
(25, 'import', 500, N'Nhập hàng đầu kỳ'), (26, 'import', 400, N'Nhập hàng đầu kỳ'),
(27, 'import', 300, N'Nhập hàng đầu kỳ'), (28, 'import', 150, N'Nhập hàng đầu kỳ'),
(29, 'import', 100, N'Nhập hàng đầu kỳ'), (30, 'import', 100, N'Nhập hàng đầu kỳ'),
(31, 'import', 200, N'Nhập hàng đầu kỳ'), (32, 'import', 50, N'Nhập hàng đầu kỳ'),
(33, 'import', 40, N'Nhập hàng đầu kỳ'), (34, 'import', 30, N'Nhập hàng đầu kỳ'),
(35, 'import', 200, N'Nhập hàng đầu kỳ'), (36, 'import', 300, N'Nhập hàng đầu kỳ'),
(37, 'import', 500, N'Nhập hàng đầu kỳ'), (38, 'import', 800, N'Nhập hàng đầu kỳ'),
(39, 'import', 50, N'Nhập hàng đầu kỳ'), (40, 'import', 100, N'Nhập hàng đầu kỳ'),
(41, 'import', 200, N'Nhập hàng đầu kỳ'), (42, 'import', 1000, N'Nhập hàng đầu kỳ'),
(43, 'import', 500, N'Nhập hàng đầu kỳ'), (44, 'import', 1000, N'Nhập hàng đầu kỳ'),
(45, 'import', 500, N'Nhập hàng đầu kỳ'), (46, 'import', 400, N'Nhập hàng đầu kỳ'),
(47, 'import', 300, N'Nhập hàng đầu kỳ'), (48, 'import', 600, N'Nhập hàng đầu kỳ'),
(49, 'import', 1000, N'Nhập hàng đầu kỳ'), (50, 'import', 50, N'Nhập hàng đầu kỳ');

-- Mã giảm giá
INSERT INTO coupons (code, discount_type, discount_value, min_order_value, max_discount, usage_limit, used_count, start_date, end_date, status) VALUES
('GIAM50K', 'fixed', 50000, 200000, NULL, 100, 5, '2024-01-01', '2025-12-31', 1),
('FREESHIP', 'fixed', 30000, 150000, NULL, 500, 10, '2024-01-01', '2025-12-31', 1),
('SUMMER24', 'percent', 10, 500000, 100000, 50, 2, '2024-06-01', '2024-08-31', 1),
('WELCOME', 'percent', 15, 0, 50000, 1000, 20, '2024-01-01', '2025-12-31', 1);

-- 6. ORDERS (50 orders)
-- Status: 1: Chờ, 2: Xác nhận, 3: Giao, 4: Thành công, 5: Hủy
INSERT INTO orders (user_id, total_amount, receiver_name, receiver_phone, receiver_address, status, created_at, coupon_id, discount_amount) VALUES
(1, 250000, N'Trần Thị Ngọc', '0912345829', N'789 Nguyễn Huệ, Quận 2, TP.HCM', 4, '2024-12-01', 1, 50000),
(2, 500000, N'Trần Thị Lan', '0912345678', N'789 Nguyễn Huệ, Quận 1, TP.HCM', 4, '2024-09-01', 1, 50000),
(3, 1250000, N'Lê Văn Nam', '0923456789', N'123 Láng Hạ, Đống Đa, Hà Nội', 4, '2024-09-02', 2, 30000),
(4, 300000, N'Phạm Minh Tuấn', '0934567890', N'456 Lê Lợi, Cần Thơ', 5, '2024-09-03', NULL, 0),
(5, 850000, N'Hoàng Thanh Hương', '0945678901', N'101 Nguyễn Văn Linh, Đà Nẵng', 4, '2024-09-04', 3, 85000),
(6, 200000, N'Đặng Văn Hùng', '0956789012', N'202 Trần Hưng Đạo, Quy Nhơn', 4, '2024-09-05', 4, 30000),
(2, 450000, N'Trần Thị Lan', '0912345678', N'789 Nguyễn Huệ, Quận 1, TP.HCM', 3, '2024-09-06', 1, 50000),
(7, 1500000, N'Bùi Mỹ Linh', '0967890123', N'303 Lý Thường Kiệt, Hải Phòng', 4, '2024-09-07', 2, 30000),
(8, 600000, N'Vũ Hoàng Long', '0978901234', N'404 Võ Văn Kiệt, TP.HCM', 4, '2024-09-08', 3, 60000),
(9, 120000, N'Ngô Thị Ngọc', '0989012345', N'505 Cách Mạng Tháng 8, Biên Hòa', 1, '2024-09-09', NULL, 0),
(10, 950000, N'Đỗ Anh Đức', '0990123456', N'606 Hùng Vương, Nha Trang', 2, '2024-09-10', 4, 50000),
(11, 450000, N'Hồ Bảo Châu', '0321234567', N'707 Phan Chu Trinh, Huế', 4, '2024-09-11', 1, 50000),
(12, 110000, N'Lý Tiểu Long', '0332345678', N'808 Kim Mã, Ba Đình, Hà Nội', 4, '2024-09-12', 2, 30000),
(13, 250000, N'Trương Gia Bình', '0343456789', N'909 Đại lộ Thăng Long, Hà Nội', 4, '2024-09-13', NULL, 0),
(14, 55000, N'Phan Thanh Giản', '0354567890', N'111 Đồng Khởi, Quận 1, TP.HCM', 4, '2024-09-14', NULL, 0),
(15, 220000, N'Cao Bá Quát', '0365678901', N'222 Lê Thánh Tôn, Quận 1, TP.HCM', 5, '2024-09-15', 4, 33000),
(16, 1500000, N'Nguyễn Du', '0376789012', N'333 Hai Bà Trưng, Quận 3, TP.HCM', 4, '2024-09-16', 2, 30000),
(17, 1200000, N'Trần Hưng Đạo', '0387890123', N'444 Nam Kỳ Khởi Nghĩa, Quận 3, TP.HCM', 4, '2024-09-17', 1, 50000),
(18, 135000, N'Lê Lợi', '0398901234', N'555 Võ Thị Sáu, Quận 3, TP.HCM', 4, '2024-09-18', NULL, 0),
(19, 220000, N'Quang Trung', '0709012345', N'666 Điện Biên Phủ, Quận Bình Thạnh, TP.HCM', 4, '2024-09-19', 4, 33000),
(20, 65000, N'Nguyễn Huệ', '0760123456', N'777 Xô Viết Nghệ Tĩnh, Bình Thạnh, TP.HCM', 4, '2024-09-20', NULL, 0),
(21, 95000, N'Nguyễn Văn A', '0771234567', N'888 Phạm Văn Đồng, Thủ Đức, TP.HCM', 4, '2024-09-21', 1, 5000),
(22, 40000, N'Nguyễn Văn B', '0782345678', N'999 Kha Vạn Cân, Thủ Đức, TP.HCM', 4, '2024-09-22', 2, 10000),
(23, 5000, N'Vương Đình Huệ', '0793456789', N'121 Hoàng Văn Thụ, Phú Nhuận, TP.HCM', 4, '2024-09-23', NULL, 0),
(24, 35000, N'Phạm Minh Chính', '0814567890', N'131 Nguyễn Kiệm, Phú Nhuận, TP.HCM', 4, '2024-09-24', NULL, 0),
(25, 85000, N'Trương Thị Mai', '0825678901', N'141 Phan Đăng Lưu, Phú Nhuận, TP.HCM', 4, '2024-09-25', 4, 12000),
(26, 75000, N'Trần Thanh Mẫn', '0836789012', N'151 Nguyễn Trãi, Quận 5, TP.HCM', 4, '2024-09-26', NULL, 0),
(27, 60000, N'Tô Lâm', '0847890123', N'161 An Dương Vương, Quận 5, TP.HCM', 4, '2024-09-27', 4, 9000),
(28, 145000, N'Lương Cường', '0858901234', N'171 Trần Phú, Quận 5, TP.HCM', 4, '2024-09-28', 2, 30000),
(29, 350000, N'Phan Đình Trạc', '0869012345', N'181 Nguyễn Chí Thanh, Quận 10, TP.HCM', 4, '2024-09-29', 1, 50000),
(30, 350000, N'Nguyễn Xuân Thắng', '0870123456', N'191 Ba Tháng Hai, Quận 10, TP.HCM', 4, '2024-09-30', 4, 50000),
(31, 130000, N'Nguyễn Hòa Bình', '0881234567', N'202 Lý Thái Tổ, Quận 10, TP.HCM', 4, '2024-10-01', NULL, 0),
(32, 250000, N'Lê Minh Hưng', '0892345678', N'212 Thành Thái, Quận 10, TP.HCM', 4, '2024-10-02', 2, 30000),
(33, 490000, N'Nguyễn Trọng Nghĩa', '0901234568', N'222 Tô Hiến Thành, Quận 10, TP.HCM', 4, '2024-10-03', 3, 49000),
(34, 650000, N'Đỗ Văn Chiến', '0912345679', N'232 Sư Vạn Hạnh, Quận 10, TP.HCM', 4, '2024-10-04', 3, 65000),
(35, 120000, N'Lê Minh Khái', '0923456780', N'242 Hòa Hảo, Quận 10, TP.HCM', 4, '2024-10-05', 4, 18000),
(36, 75000, N'Trần Lưu Quang', '0934567891', N'252 Vĩnh Viễn, Quận 10, TP.HCM', 4, '2024-10-06', NULL, 0),
(37, 80000, N'Trần Hồng Hà', '0945678902', N'262 Nguyễn Tri Phương, Quận 10, TP.HCM', 4, '2024-10-07', 4, 12000),
(38, 40000, N'Lê Thành Long', '0956789013', N'272 Ngô Gia Tự, Quận 10, TP.HCM', 4, '2024-10-08', NULL, 0),
(39, 600000, N'Nguyễn Duy Ngọc', '0967890124', N'282 Lê Hồng Phong, Quận 10, TP.HCM', 4, '2024-10-09', 1, 50000),
(40, 95000, N'Trịnh Đình Dũng', '0978901235', N'292 Trần Bình Trọng, Quận 5, TP.HCM', 4, '2024-10-10', 2, 30000),
(41, 25000, N'Mai Tiến Dũng', '0989012346', N'302 Nguyễn Biểu, Quận 5, TP.HCM', 4, '2024-10-11', NULL, 0),
(42, 15000, N'Chu Ngọc Anh', '0990123457', N'312 Trần Hưng Đạo B, Quận 5, TP.HCM', 4, '2024-10-12', NULL, 0),
(43, 25000, N'Khách vãng lai 1', '0321234568', N'322 Hải Thượng Lãn Ông, Quận 5, TP.HCM', 4, '2024-10-13', NULL, 0),
(44, 20000, N'Khách vãng lai 2', '0332345679', N'332 Châu Văn Liêm, Quận 5, TP.HCM', 4, '2024-10-14', NULL, 0),
(45, 30000, N'Vương Đình Huệ', '0343456780', N'342 Nguyễn Văn Cừ, Quận 5, TP.HCM', 4, '2024-10-15', NULL, 0),
(46, 45000, N'Phạm Minh Chính', '0354567891', N'352 Hùng Vương, Quận 5, TP.HCM', 4, '2024-10-16', 4, 6000),
(47, 55000, N'Trương Thị Mai', '0365678902', N'362 Lý Thường Kiệt, Quận 11, TP.HCM', 4, '2024-10-17', NULL, 0),
(48, 45000, N'Trần Thanh Mẫn', '0376789013', N'372 Lạc Long Quân, Quận 11, TP.HCM', 4, '2024-10-18', 4, 6000),
(49, 25000, N'Tô Lâm', '0387890124', N'382 Bình Thới, Quận 11, TP.HCM', 4, '2024-10-19', NULL, 0),
(50, 850000, N'Lương Cường', '0398901235', N'392 Âu Cơ, Quận Tân Bình, TP.HCM', 4, '2024-10-20', 3, 85000);
select *from products;
select *from orders;

-- 7. ORDER ITEMS (50 items for 50 orders)
INSERT INTO order_items (order_id, product_id, quantity, unit_price) VALUES
(2, 3, 1, 790000), (2, 7, 1, 450000), (3, 5, 3, 110000),
(4, 3, 1, 850000), (5, 4, 1, 200000), (6, 15, 2, 225000), (7, 16, 1, 1500000),
(8, 39, 1, 600000), (9, 2, 1, 120000), (10, 12, 10, 95000), (11, 7, 1, 450000),
(12, 5, 1, 110000), (13, 1, 1, 250000), (14, 14, 1, 55000), (15, 15, 1, 220000),
(16, 16, 1, 1500000), (17, 17, 1, 1200000), (18, 18, 1, 135000), (19, 19, 1, 220000),
(20, 20, 1, 65000), (21, 21, 1, 100000), (22, 22, 1, 50000), (23, 23, 1, 50000),
(24, 24, 1, 35000), (25, 25, 1, 97000), (26, 26, 1, 75000), (27, 27, 1, 69000),
(28, 28, 1, 175000), (29, 29, 1, 400000), (30, 30, 1, 400000), (31, 31, 1, 130000),
(32, 32, 1, 280000), (33, 33, 1, 539000), (34, 34, 1, 715000), (35, 35, 1, 138000),
(36, 36, 1, 75000), (37, 37, 1, 92000), (38, 38, 1, 40000), (39, 39, 1, 650000),
(40, 40, 1, 125000), (41, 41, 1, 25000), (42, 42, 1, 15000), (43, 43, 1, 25000),
(44, 44, 1, 20000), (45, 45, 1, 30000), (46, 46, 1, 51000), (47, 47, 1, 55000),
(48, 48, 1, 51000), (49, 49, 1, 25000), (50, 50, 1, 935000);

-- 8. PAYMENTS (50 payments)
INSERT INTO payments (order_id, method, amount, status, created_at) VALUES
(1, 'COD', 500000, 1, '2024-09-01'), (2, 'Momo', 1250000, 1, '2024-09-02'),
(3, 'ZaloPay', 300000, 2, '2024-09-03'), (4, 'Bank Transfer', 850000, 1, '2024-09-04'),
(5, 'COD', 200000, 1, '2024-09-05'), (6, 'COD', 450000, 0, '2024-09-06'),
(7, 'Credit Card', 1500000, 1, '2024-09-07'), (8, 'Momo', 600000, 1, '2024-09-08'),
(9, 'COD', 120000, 0, '2024-09-09'), (10, 'Bank Transfer', 950000, 0, '2024-09-10'),
(11, 'COD', 450000, 1, '2024-09-11'), (12, 'Momo', 110000, 1, '2024-09-12'),
(13, 'COD', 250000, 1, '2024-09-13'), (14, 'COD', 55000, 1, '2024-09-14'),
(15, 'COD', 220000, 2, '2024-09-15'), (16, 'Bank Transfer', 1500000, 1, '2024-09-16'),
(17, 'Credit Card', 1200000, 1, '2024-09-17'), (18, 'COD', 135000, 1, '2024-09-18'),
(19, 'Momo', 220000, 1, '2024-09-19'), (20, 'COD', 65000, 1, '2024-09-20'),
(21, 'COD', 95000, 1, '2024-09-21'), (22, 'COD', 40000, 1, '2024-09-22'),
(23, 'COD', 50000, 1, '2024-09-23'), (24, 'COD', 35000, 1, '2024-09-24'),
(25, 'COD', 85000, 1, '2024-09-25'), (26, 'COD', 75000, 1, '2024-09-26'),
(27, 'COD', 60000, 1, '2024-09-27'), (28, 'COD', 145000, 1, '2024-09-28'),
(29, 'Momo', 350000, 1, '2024-09-29'), (30, 'Momo', 350000, 1, '2024-09-30'),
(31, 'COD', 130000, 1, '2024-10-01'), (32, 'COD', 250000, 1, '2024-10-02'),
(33, 'Bank Transfer', 490000, 1, '2024-10-03'), (34, 'Bank Transfer', 650000, 1, '2024-10-04'),
(35, 'COD', 120000, 1, '2024-10-05'), (36, 'COD', 75000, 1, '2024-10-06'),
(37, 'COD', 80000, 1, '2024-10-07'), (38, 'COD', 40000, 1, '2024-10-08'),
(39, 'Momo', 600000, 1, '2024-10-09'), (40, 'COD', 95000, 1, '2024-10-10'),
(41, 'COD', 25000, 1, '2024-10-11'), (42, 'COD', 15000, 1, '2024-10-12'),
(43, 'COD', 25000, 1, '2024-10-13'), (44, 'COD', 20000, 1, '2024-10-14'),
(45, 'COD', 30000, 1, '2024-10-15'), (46, 'COD', 45000, 1, '2024-10-16'),
(47, 'COD', 55000, 1, '2024-10-17'), (48, 'COD', 45000, 1, '2024-10-18'),
(49, 'COD', 25000, 1, '2024-10-19'), (50, 'Momo', 850000, 1, '2024-10-20');


-- 10. CART ITEMS (50 items)
INSERT INTO cart_items (user_id, session_id, product_id, quantity) VALUES
(2, NULL, 1, 2), (2, NULL, 5, 3), (3, NULL, 10, 1), (4, NULL, 15, 2),
(5, NULL, 20, 1), (6, NULL, 25, 4), (7, NULL, 30, 1), (8, NULL, 35, 2),
(9, NULL, 40, 3), (10, NULL, 45, 1), (11, NULL, 1, 1), (12, NULL, 2, 2),
(13, NULL, 3, 1), (14, NULL, 4, 5), (15, NULL, 5, 2), (16, NULL, 6, 1),
(17, NULL, 7, 3), (18, NULL, 8, 2), (19, NULL, 9, 10), (20, NULL, 10, 1),
(21, NULL, 11, 2), (22, NULL, 12, 1), (23, NULL, 13, 5), (24, NULL, 14, 3),
(25, NULL, 15, 1), (26, NULL, 16, 1), (27, NULL, 17, 1), (28, NULL, 18, 2),
(29, NULL, 19, 1), (30, NULL, 20, 4), (31, NULL, 21, 2), (32, NULL, 22, 1),
(33, NULL, 23, 3), (34, NULL, 24, 2), (35, NULL, 25, 1), (36, NULL, 26, 5),
(37, NULL, 27, 2), (38, NULL, 28, 1), (39, NULL, 29, 3), (40, NULL, 30, 2),
(41, NULL, 31, 1), (42, NULL, 32, 1), (43, NULL, 33, 1), (44, NULL, 34, 1),
(45, NULL, 35, 2), (46, NULL, 36, 1), (47, NULL, 37, 3), (48, NULL, 38, 2),
(49, NULL, 39, 1), (50, NULL, 40, 5);


-- CHUYỂN ĐỔI DỮ LIỆU QUÀ TẶNG SANG DB MỚI (SỬ DỤNG % GIẢM GIÁ)
INSERT INTO products (category_id, supplier_id, sku, name, price, stock_quantity, origin, unit, discount_percent, is_featured, description, status) VALUES
-- GIỎ QUÀ (Categories 11, 12, 13)
(11, 1, 'GIO-TET-02', N'Giỏ Quà Xuân Phú Quý', 1500000, 50, N'Đa quốc gia', N'Giỏ', 3.33, 1, N'Giỏ quà Tết kết hợp các loại trái cây nhập khẩu cao cấp, mang lại may mắn cho năm mới.', 1),
(11, 1, 'GIO-TET-03', N'Giỏ Quà Tết Đoàn Viên', 1600000, 50, N'Đa quốc gia', N'Giỏ', 0.00, 0, N'Sự kết hợp tinh tế của táo Envy và nho mẫu đơn cho khoảnh khắc sum họp.', 1),
(11, 1, 'GIO-TET-04', N'Giỏ Quà An Khang Thịnh Vượng', 1700000, 45, N'Đa quốc gia', N'Giỏ', 5.88, 1, N'Giỏ quà sang trọng gửi trao lời chúc sức khỏe và thành công.', 1),
(11, 1, 'GIO-TET-05', N'Giỏ Quà Vạn Sự Như Ý', 1800000, 40, N'Đa quốc gia', N'Giỏ', 0.00, 0, N'Trái cây tươi ngon, tượng trưng cho sự thuận lợi trong mọi việc.', 1),
(11, 1, 'GIO-TET-06', N'Giỏ Quà Cát Tường Như Ý', 1900000, 35, N'Đa quốc gia', N'Giỏ', 5.26, 1, N'Món quà sức khỏe ý nghĩa cho gia đình và người thân.', 1),
(11, 1, 'GIO-TET-07', N'Giỏ Quà Sung Túc Đủ Đầy', 2000000, 30, N'Đa quốc gia', N'Giỏ', 0.00, 0, N'Thiết kế đẹp mắt, trang trọng với đầy đủ các loại trái cây thượng hạng.', 1),
(11, 1, 'GIO-TET-08', N'Giỏ Quà Đón Xuân Sang', 2100000, 25, N'Đa quốc gia', N'Giỏ', 4.76, 1, N'Phù hợp làm quà tặng doanh nghiệp đẳng cấp.', 1),
(11, 1, 'GIO-TET-09', N'Giỏ Quà Lộc Xuân May Mắn', 2200000, 20, N'Đa quốc gia', N'Giỏ', 0.00, 0, N'Trái cây nhập khẩu từ Mỹ, Úc, Nhật mang lại tài lộc đầu năm.', 1),
(11, 1, 'GIO-TET-10', N'Giỏ Quà Sum Vầy Ngày Tết', 2300000, 15, N'Đa quốc gia', N'Giỏ', 4.35, 1, N'Giỏ quà cao cấp bậc nhất cho ngày Tết truyền thống.', 1),
(11, 1, 'GIO-TET-11', N'Giỏ Quà Tết Nghĩa Tình', 2400000, 15, N'Đa quốc gia', N'Giỏ', 0.00, 0, N'Đầy đủ các loại trái cây thượng hạng, thắt chặt tình thâm.', 1),
(11, 1, 'GIO-TET-12', N'Giỏ Quà Vinh Hoa Phú Quý', 2500000, 10, N'Đa quốc gia', N'Giỏ', 4.00, 1, N'Mang không khí Tết sang trọng và đẳng cấp đến mọi nhà.', 1),
(11, 1, 'GIO-TET-13', N'Giỏ Quà Ngũ Phúc Lâm Môn', 2600000, 10, N'Đa quốc gia', N'Giỏ', 0.00, 0, N'Chất lượng và uy tín hàng đầu, tượng trưng cho 5 phúc lành.', 1),
(11, 1, 'GIO-TET-14', N'Giỏ Quà Khởi Đầu Thuận Lợi', 2700000, 8, N'Đa quốc gia', N'Giỏ', 3.70, 1, N'Quà tặng ý nghĩa cho sự khởi đầu năm mới hanh thông.', 1),
(11, 1, 'GIO-TET-15', N'Giỏ Quà Xuân Hy Vọng', 2800000, 5, N'Đa quốc gia', N'Giỏ', 0.00, 0, N'Trái cây tươi sạch mỗi ngày, thắp sáng hy vọng năm mới.', 1),
(11, 1, 'GIO-TET-16', N'Giỏ Quà Tết An Nhiên', 3000000, 5, N'Đa quốc gia', N'Giỏ', 3.33, 1, N'Giỏ quà Tết đặc biệt dành riêng cho những người trân quý.', 1),
(13, 1, 'GIO-SN-02', N'Giỏ Quà Tuổi Mới Rạng Rỡ', 800000, 50, N'Đa quốc gia', N'Giỏ', 6.25, 1, N'Giỏ quà sinh nhật tươi tắn, gửi gắm lời chúc rạng rỡ tuổi mới.', 1),
(13, 1, 'GIO-SN-03', N'Giỏ Quà Sinh Nhật Ngọt Ngào', 850000, 50, N'Đa quốc gia', N'Giỏ', 0.00, 0, N'Trái cây ngọt ngào ghi dấu kỷ niệm ngày sinh nhật.', 1),
(13, 1, 'GIO-SN-04', N'Giỏ Quà Thanh Xuân Tươi Đẹp', 900000, 45, N'Đa quốc gia', N'Giỏ', 5.56, 1, N'Thiết kế trẻ trung, hiện đại dành tặng những tâm hồn tươi trẻ.', 1),
(13, 1, 'GIO-SN-05', N'Giỏ Quà Gói Trọn Yêu Thương', 950000, 40, N'Đa quốc gia', N'Giỏ', 0.00, 0, N'Món quà bất ngờ và chứa chan tình cảm gửi người thân.', 1),
(13, 1, 'GIO-SN-06', N'Giỏ Quà Niềm Vui Nhân Đôi', 1000000, 35, N'Đa quốc gia', N'Giỏ', 5.00, 1, N'Kết hợp hoa tươi và trái cây nhập khẩu cho niềm vui trọn vẹn.', 1),
(13, 1, 'GIO-SN-07', N'Giỏ Quà Hạnh Phúc Đong Đầy', 1100000, 30, N'Đa quốc gia', N'Giỏ', 0.00, 0, N'Trái cây sạch, nguồn gốc rõ ràng, vun đắp hạnh phúc.', 1),
(13, 1, 'GIO-SN-08', N'Giỏ Quà Lời Chúc Chân Thành', 1200000, 25, N'Đa quốc gia', N'Giỏ', 4.17, 1, N'Quà tặng bạn bè, đồng nghiệp thay lời chúc tốt đẹp nhất.', 1),
(13, 1, 'GIO-SN-09', N'Giỏ Quà Kỷ Niệm Khó Quên', 1300000, 20, N'Đa quốc gia', N'Giỏ', 0.00, 0, N'Sang trọng và tinh tế, tạo nên dấu ấn riêng biệt.', 1),
(13, 1, 'GIO-SN-10', N'Giỏ Quà Sắc Xuân Tuổi Mới', 1400000, 15, N'Đa quốc gia', N'Giỏ', 3.57, 1, N'Lựa chọn hoàn hảo để chào đón một hành trình mới.', 1),
(13, 1, 'GIO-SN-11', N'Giỏ Quà Rạng Ngời Tuổi Trẻ', 1500000, 15, N'Đa quốc gia', N'Giỏ', 0.00, 0, N'Trái cây cao cấp loại 1, mang lại năng lượng rạng ngời.', 1),
(13, 1, 'GIO-SN-12', N'Giỏ Quà Vạn Điều May Mắn', 1600000, 10, N'Đa quốc gia', N'Giỏ', 3.13, 1, N'Giỏ quà sinh nhật mang thông điệp may mắn trọn đời.', 1),
(13, 1, 'GIO-SN-13', N'Giỏ Quà Gắn Kết Yêu Thương', 1700000, 10, N'Đa quốc gia', N'Giỏ', 0.00, 0, N'Mang niềm vui và sự gắn kết đến mọi trái tim.', 1),
(13, 1, 'GIO-SN-14', N'Giỏ Quà Sinh Nhật An Yên', 1800000, 8, N'Đa quốc gia', N'Giỏ', 2.78, 1, N'Trái cây nhập khẩu tươi mới cho tâm hồn bình an.', 1),
(13, 1, 'GIO-SN-15', N'Giỏ Quà Ước Nguyện Thành Công', 1900000, 5, N'Đa quốc gia', N'Giỏ', 0.00, 0, N'Món quà sức khỏe chắp cánh cho những ước mơ thành công.', 1),
(13, 1, 'GIO-SN-16', N'Giỏ Quà Trọn Vẹn Niềm Vui', 2000000, 5, N'Đa quốc gia', N'Giỏ', 2.50, 1, N'Đỉnh cao quà tặng trái cây cho ngày sinh nhật hoàn hảo.', 1),
(12, 1, 'GIO-KT-02', N'Giỏ Quà Khai Trương Đại Cát', 1000000, 50, N'Đa quốc gia', N'Giỏ', 5.00, 1, N'Giỏ quà mang ý nghĩa may mắn và thành công cho ngày khai trương.', 1),
(12, 1, 'GIO-KT-03', N'Giỏ Quà Khai Trương Thịnh Vượng', 1100000, 50, N'Đa quốc gia', N'Giỏ', 0.00, 0, N'Sự kết hợp hoàn hảo của các loại trái cây cao cấp cho lời chúc phát đạt.', 1),
(12, 1, 'GIO-KT-04', N'Giỏ Quà Khai Trương Tấn Tài Lộc', 1200000, 45, N'Đa quốc gia', N'Giỏ', 4.17, 1, N'Món quà sang trọng gửi trao lời chúc tài lộc dồi dào.', 1),
(12, 1, 'GIO-KT-05', N'Giỏ Quà Khai Trương Mã Đáo Thành Công', 1300000, 40, N'Đa quốc gia', N'Giỏ', 0.00, 0, N'Trái cây tươi ngon, tượng trưng cho sự khởi đầu thuận lợi.', 1),
(12, 1, 'GIO-KT-06', N'Giỏ Quà Khai Trương Phát Tài Phát Lộc', 1400000, 35, N'Đa quốc gia', N'Giỏ', 3.57, 1, N'Thiết kế trang trọng, mang lại năng lượng tích cực cho cửa hàng mới.', 1),
(12, 1, 'GIO-KT-07', N'Giỏ Quà Khai Trương Vạn Sự Hanh Thông', 1500000, 30, N'Đa quốc gia', N'Giỏ', 0.00, 0, N'Lời chúc mọi việc đều suôn sẻ và gặp nhiều may mắn.', 1),
(12, 1, 'GIO-KT-08', N'Giỏ Quà Khai Trương Thuận Buồm Xuôi Gió', 1600000, 25, N'Đa quốc gia', N'Giỏ', 3.13, 1, N'Phù hợp tặng đối tác trong ngày lễ khai trương trọng đại.', 1),
(12, 1, 'GIO-KT-09', N'Giỏ Quà Khai Trương Kim Ngọc Mãn Đường', 1700000, 20, N'Đa quốc gia', N'Giỏ', 0.00, 0, N'Trái cây nhập khẩu thượng hạng ghi dấu ấn ngày khởi đầu.', 1),
(12, 1, 'GIO-KT-10', N'Giỏ Quà Khai Trương Tài Lộc Gõ Cửa', 1800000, 15, N'Đa quốc gia', N'Giỏ', 2.78, 1, N'Món quà sức khỏe và ý nghĩa cho sự phát triển bền vững.', 1),
(12, 1, 'GIO-KT-11', N'Giỏ Quà Khai Trương Phú Quý Cát Tường', 1900000, 15, N'Đa quốc gia', N'Giỏ', 0.00, 0, N'Mang không khí tươi mới và thịnh vượng đến cho gia chủ.', 1),
(12, 1, 'GIO-KT-12', N'Giỏ Quà Khai Trương Đắc Lộc Đắc Tâm', 2000000, 10, N'Đa quốc gia', N'Giỏ', 2.50, 1, N'Giỏ quà cao cấp bậc nhất cho lời chúc thành công rực rỡ.', 1),
(12, 1, 'GIO-KT-13', N'Giỏ Quà Khai Trương Khởi Đầu Rạng Rỡ', 2100000, 10, N'Đa quốc gia', N'Giỏ', 0.00, 0, N'Sự kết hợp tinh tế giữa hoa và trái cây nhập khẩu.', 1),
(12, 1, 'GIO-KT-14', N'Giỏ Quà Khai Trương Thành Công Vang Dội', 2200000, 8, N'Đa quốc gia', N'Giỏ', 2.27, 1, N'Quà tặng đẳng cấp dành cho những dịp khai trương lớn.', 1),
(12, 1, 'GIO-KT-15', N'Giỏ Quà Khai Trương Như Ý Cát Tường', 2300000, 5, N'Đa quốc gia', N'Giỏ', 0.00, 0, N'Trái cây sạch, tươi mới, thắp sáng niềm tin thắng lợi.', 1),
(12, 1, 'GIO-KT-16', N'Giỏ Quà Khai Trương Vinh Hoa Hiển Đạt', 250000, 5, N'Đa quốc gia', N'Giỏ', 2.00, 1, N'Đỉnh cao quà tặng cho sự khởi đầu hoàn hảo nhất.', 1),

-- HỘP QUÀ CAO CẤP (Category 20)
(20, 1, 'HOP-CC-01', N'Hộp Quà Cherry Đỏ Tone Đỏ Cao Cấp', 450000, 30, N'Đa quốc gia', N'Hộp', 8.89, 1, N'Hộp quà cao cấp với cherry Mỹ màu đỏ tươi, thiết kế tone đỏ trang trọng.', 1),
(20, 1, 'HOP-CC-02', N'Hộp Quà Hoa Trái Cây Tone Đỏ Kem Cao Cấp', 500000, 25, N'Đa quốc gia', N'Hộp', 8.00, 1, N'Kết hợp hoa và trái cây cao cấp, thiết kế sang trọng tone đỏ kem.', 1),
(20, 1, 'HOP-CC-03', N'Hộp Quà Hoa Việt Trái Cây Tone Đen Đỏ Cao Cấp', 520000, 20, N'Đa quốc gia', N'Hộp', 8.65, 1, N'Hộp quà đen đỏ cao cấp, kết hợp hoa và trái cây thượng hạng.', 1),
(20, 1, 'HOP-CC-04', N'Hộp Quà Kiwi Vàng Tone Đỏ Cao Cấp', 480000, 22, N'Đa quốc gia', N'Hộp', 8.33, 0, N'Kiwi vàng nhập khẩu với thiết kế tone đỏ tuyệt đẹp.', 1),
(20, 1, 'HOP-CC-05', N'Hộp Quà Trái Cây Các Loại & Hoa Juliet Tone Hồng Cao Cấp', 540000, 18, N'Đa quốc gia', N'Hộp', 7.41, 1, N'Phối hợp trái cây đa dạng với hoa Juliet cao cấp tone hồng.', 1),
(20, 1, 'HOP-CC-06', N'Hộp Quà Trái Cây Tuổi Trà & Hoa Tone Xanh Lá Cao Cấp', 510000, 20, N'Đa quốc gia', N'Hộp', 7.84, 1, N'Hộp quà xanh lá cao cấp với trái cây tươi và hoa trang trí.', 1),
(20, 1, 'HOP-CC-07', N'Hộp Quà Trái Cây & Hoa Ecuador Đỏ Cao Cấp', 550000, 15, N'Đa quốc gia', N'Hộp', 7.27, 1, N'Trái cây nhập khẩu Ecuador với hoa đỏ, thiết kế cao cấp.', 1),
(20, 1, 'HOP-CC-08', N'Hộp Quà Trái Cây & Hoa Ecuador Xanh Cao Cấp', 550000, 15, N'Đa quốc gia', N'Hộp', 7.27, 0, N'Hộp quà xanh cao cấp với trái cây Ecuador và hoa tươi.', 1),
(20, 1, 'HOP-CC-09', N'Hộp Quà Trái Cây & Hoa Tulip Hồng Cao Cấp', 560000, 12, N'Đa quốc gia', N'Hộp', 7.14, 1, N'Hộp quà hồng cao cấp kết hợp trái cây và tulip sang trọng.', 1),

-- HỘP QUÀ CƠ BẢN (Category 18)
(18, 1, 'HOP-CB-01', N'Hộp Quà 6 Trái Quýt Cơ Bản', 150000, 50, N'Việt Nam', N'Hộp', 10.00, 0, N'Hộp quà đơn giản 6 trái quýt tươi ngon, giá rẻ.', 1),
(18, 1, 'HOP-CB-02', N'Hộp Quà 6 Trái Quýt Tone Đỏ Cơ Bản', 160000, 50, N'Việt Nam', N'Hộp', 9.38, 1, N'Hộp quà 6 quýt tone đỏ, thiết kế đơn giản tinh tế.', 1),
(18, 1, 'HOP-CB-03', N'Hộp Quà 6 Trái Táo Đỏ Tone Đỏ Cơ Bản', 180000, 45, N'Đa quốc gia', N'Hộp', 8.33, 1, N'6 quả táo Envy đỏ nice trong hộp tone đỏ cơ bản.', 1),
(18, 1, 'HOP-CB-04', N'Hộp Quà 6 Trái Táo Envy Tone Đỏ Cơ Bản', 190000, 40, N'Đa quốc gia', N'Hộp', 7.89, 1, N'Hộp quà 6 táo Envy cao cấp, tone đỏ cơ bản, giá vừa phải.', 1),
(18, 1, 'HOP-CB-05', N'Hộp Quà 6 Trái Táo Xanh Tone Đỏ Cơ Bản', 170000, 45, N'Đa quốc gia', N'Hộp', 8.82, 0, N'Táo xanh cấp 1, tone đỏ, phù hợp làm quà.', 1),
(18, 1, 'HOP-CB-06', N'Hộp Quà Cam Vàng Tone Đỏ Cơ Bản', 140000, 55, N'Việt Nam', N'Hộp', 10.71, 1, N'Cam vàng Mỹ trong hộp tone đỏ, tiết kiệm tiền.', 1),
(18, 1, 'HOP-CB-07', N'Hộp Quà Nho Các Loại Tone Đỏ Cơ Bản', 200000, 35, N'Đa quốc gia', N'Hộp', 7.50, 0, N'Phối hợp nho từ Mỹ, Úc, Hàn Quốc trong hộp tone đỏ.', 1),
(18, 1, 'HOP-CB-08', N'Hộp Quà Nho Đen Tone Hồng Cơ Bản', 210000, 30, N'Úc', N'Hộp', 7.14, 1, N'Nho đen Úc không hạt, hộp tone hồng cơ bản.', 1),
(18, 1, 'HOP-CB-09', N'Hộp Quà Nho Đỏ Tone Hồng Cơ Bản', 210000, 30, N'Mỹ', N'Hộp', 7.14, 0, N'Nho đỏ Mỹ ngọt ngon, thiết kế tone hồng.', 1),
(18, 1, 'HOP-CB-10', N'Hộp Quà Nho Đỏ & Trái Cây Các Loại Tone Hồng Cơ Bản', 250000, 25, N'Đa quốc gia', N'Hộp', 8.00, 1, N'Nho đỏ kết hợp trái cây, tone hồng, giá hợp lý.', 1),
(18, 1, 'HOP-CB-11', N'Hộp Quà Nho & Lê Tone Hồng Cơ Bản', 230000, 28, N'Đa quốc gia', N'Hộp', 8.70, 1, N'Nho và lê Hàn Quốc, thiết kế tone hồng đơn giản.', 1),
(18, 1, 'HOP-CB-12', N'Hộp Quà Nho & Trái Cây Các Loại Tone Hồng Phần Cơ Bản', 270000, 22, N'Đa quốc gia', N'Hộp', 7.41, 1, N'Nho kết hợp trái cây đa dạng, tone hồng phần, cơ bản.', 1),
(18, 1, 'HOP-CB-13', N'Hộp Quà Nho Xanh Tone Đỏ Cơ Bản', 220000, 30, N'Hàn Quốc', N'Hộp', 9.09, 0, N'Nho xanh Shine Muscat tone đỏ, giá cơ bản.', 1),
(18, 1, 'HOP-CB-14', N'Hộp Quà Nho Xanh & Trái Cây Hỗn Hợp Tone Hồng Cơ Bản', 260000, 20, N'Đa quốc gia', N'Hộp', 7.69, 1, N'Nho xanh hỗn hợp trái cây, tone hồng, cơ bản.', 1),
(18, 1, 'HOP-CB-15', N'Hộp Quà Quýt Size M Tone Đỏ Cơ Bản', 140000, 50, N'Việt Nam', N'Hộp', 10.71, 0, N'Quýt cam vàng size M, hộp tone đỏ cơ bản.', 1),
(18, 1, 'HOP-CB-16', N'Hộp Quà Quýt & 2 Loại Táo Tone Đỏ Cơ Bản', 220000, 28, N'Đa quốc gia', N'Hộp', 9.09, 1, N'Quýt kết hợp 2 loại táo, tone đỏ, giá vừa phải.', 1),
(18, 1, 'HOP-CB-17', N'Hộp Quà Táo Xanh Tone Đỏ Cơ Bản', 170000, 40, N'Đa quốc gia', N'Hộp', 8.82, 0, N'Táo xanh Granny Smith, hộp tone đỏ cơ bản.', 1),
(18, 1, 'HOP-CB-18', N'Hộp Quà Trái Cây Các Loại Tone Hồng Cơ Bản', 280000, 20, N'Đa quốc gia', N'Hộp', 7.14, 1, N'Phối hợp trái cây đa dạng, tone hồng, giá cơ bản.', 1),
(18, 1, 'HOP-CB-19', N'Hộp Quà Trái Cây Hỗ n Hợp Tone Xanh Lá Hoa Tiết Cơ Bản', 260000, 22, N'Đa quốc gia', N'Hộp', 7.69, 1, N'Trái cây hỗn hợp, tone xanh lá có hoa tiết.', 1),
(18, 1, 'HOP-CB-20', N'Hộp Quà Trái Cây Tone Hồng Cơ Bản', 240000, 25, N'Đa quốc gia', N'Hộp', 8.33, 0, N'Trái cây tươi ngon, hộp tone hồng, giá cơ bản.', 1),
(18, 1, 'HOP-CB-21', N'Hộp Quà Trái Cây Tuổi Tone Hồng Cơ Bản', 270000, 18, N'Đa quốc gia', N'Hộp', 7.41, 1, N'Trái cây tuổi tươi, tone hồng, phù hợp làm quà cơ bản.', 1),

-- HỘP QUÀ TIÊU CHUẨN (Category 19)
(19, 1, 'HOP-TC-01', N'Hộp Quà 6 Trái Cam Vàng Tone Đỏ Tiêu Chuẩn', 180000, 40, N'Đa quốc gia', N'Hộp', 8.33, 1, N'6 quả cam Navel Úc, tone đỏ, tiêu chuẩn chất lượng.', 1),
(19, 1, 'HOP-TC-02', N'Hộp Quà 6 Trái Táo Envy Tone Đỏ Tiêu Chuẩn', 220000, 35, N'Đa quốc gia', N'Hộp', 9.09, 1, N'6 táo Envy cao cấp, tone đỏ, tiêu chuẩn quốc tế.', 1),
(19, 1, 'HOP-TC-03', N'Hộp Quà Dưa & Lê Hoàng Kim Hàn Quốc Tone Hồng Tiêu Chuẩn', 260000, 28, N'Hàn Quốc', N'Hộp', 7.69, 1, N'Dưa lưới & lê Hoàng Kim, tone hồng, tiêu chuẩn.', 1),
(19, 1, 'HOP-TC-04', N'Hộp Quà Kiwi Vàng Tone Đỏ Tiêu Chuẩn', 200000, 32, N'New Zealand', N'Hộp', 7.50, 0, N'Kiwi vàng New Zealand, tone đỏ, tiêu chuẩn.', 1),
(19, 1, 'HOP-TC-05', N'Hộp Quà Nho Đen Tone Đỏ Tiêu Chuẩn', 250000, 25, N'Úc', N'Hộp', 8.00, 1, N'Nho đen Úc không hạt, tone đỏ, tiêu chuẩn.', 1),
(19, 1, 'HOP-TC-06', N'Hộp Quà Nho Đen Tone Đỏ Vàng Tiêu Chuẩn', 270000, 20, N'Úc', N'Hộp', 7.41, 1, N'Nho đen với tone vàng, tiêu chuẩn chất lượng.', 1),
(19, 1, 'HOP-TC-07', N'Hộp Quà Nho Đỏ Tiêu Chuẩn', 260000, 22, N'Mỹ', N'Hộp', 7.69, 0, N'Nho đỏ Mỹ, tiêu chuẩn, không hạt.', 1),
(19, 1, 'HOP-TC-08', N'Hộp Quà Nho Mẫu Đơn Táo Đỏ & Quýt Tone Đỏ Tiêu Chuẩn', 300000, 18, N'Đa quốc gia', N'Hộp', 6.67, 1, N'Nho Mẫu đơn, táo đỏ, quýt, tone đỏ, tiêu chuẩn.', 1),
(19, 1, 'HOP-TC-09', N'Hộp Quà Nho Mẫu Đơn Táo Envy & Lê Tone Đỏ Tiêu Chuẩn', 320000, 15, N'Đa quốc gia', N'Hộp', 6.25, 1, N'Nho Mẫu đơn, táo Envy, lê, tone đỏ, tiêu chuẩn.', 1),
(19, 1, 'HOP-TC-10', N'Hộp Quà Nho & Trái Cây Các Loại Tone Xanh Lá Tiêu Chuẩn', 280000, 20, N'Đa quốc gia', N'Hộp', 7.14, 1, N'Nho kết hợp trái cây, tone xanh lá, tiêu chuẩn.', 1),
(19, 1, 'HOP-TC-11', N'Hộp Quà Nho Xanh Nho Đỏ Tone Hồng Tiêu Chuẩn', 290000, 18, N'Hàn Quốc', N'Hộp', 6.90, 1, N'Nho xanh Shine Muscat, nho đỏ, tone hồng.', 1),
(19, 1, 'HOP-TC-12', N'Hộp Quà Nho Xanh Tone Hồng Tiêu Chuẩn', 270000, 20, N'Hàn Quốc', N'Hộp', 7.41, 0, N'Nho xanh Shine Muscat, tone hồng, tiêu chuẩn.', 1),
(19, 1, 'HOP-TC-13', N'Hộp Quà Nho Xanh & Nho Đen Tone Đỏ Tiêu Chuẩn', 310000, 16, N'Đa quốc gia', N'Hộp', 6.45, 1, N'Nho xanh Shine Muscat, nho đen, tone đỏ, tiêu chuẩn.', 1),
(19, 1, 'HOP-TC-14', N'Hộp Quà Nho Xanh & Trái Cây Các Loại Tone Đỏ TIÊU CHUẨN', 300000, 17, N'Đa quốc gia', N'Hộp', 6.67, 1, N'Nho xanh kết hợp trái cây, tone đỏ, tiêu chuẩn.', 1),
(19, 1, 'HOP-TC-15', N'Hộp Quà Sầu Riêng & Trái Cây Các Loại Tone Đỏ Tiêu Chuẩn', 450000, 10, N'Việt Nam', N'Hộp', 6.67, 1, N'Sầu riêng Ri6 kết hợp trái cây, tone đỏ, tiêu chuẩn.', 1),
(19, 1, 'HOP-TC-16', N'Hộp Quà Trái Cây Các Loại Tone Hồng Hoa Tiết Tiêu Chuẩn', 310000, 16, N'Đa quốc gia', N'Hộp', 6.45, 0, N'Trái cây đa dạng, tone hồng có hoa tiết.', 1),
(19, 1, 'HOP-TC-17', N'Hộp Quà Trái Cây Các Loại Tone Hồng Tiêu Chuẩn', 290000, 18, N'Đa quốc gia', N'Hộp', 6.90, 1, N'Trái cây hỗn hợp, tone hồng, tiêu chuẩn.', 1),
(19, 1, 'HOP-TC-18', N'Hộp Quà Trái Cây Các Loại Tone Xanh Lá Hoa Tiết Tiêu Chuẩn', 310000, 15, N'Đa quốc gia', N'Hộp', 6.45, 1, N'Trái cây, tone xanh lá có hoa tiết, tiêu chuẩn.', 1),
(19, 1, 'HOP-TC-19', N'Hộp Quà Trái Cây Các Loại & Hoa Tone Hồng Tiêu Chuẩn', 330000, 14, N'Đa quốc gia', N'Hộp', 6.06, 1, N'Trái cây kết hợp hoa tươi, tone hồng, tiêu chuẩn.', 1),
(19, 1, 'HOP-TC-20', N'Hộp Quà Trái Cây Các Loại & Trà Tone Xanh Lá Tiêu Chuẩn', 290000, 18, N'Đa quốc gia', N'Hộp', 6.90, 0, N'Trái cây kết hợp trà cao cấp, tone xanh lá.', 1),
(19, 1, 'HOP-TC-21', N'Hộp Quà Trái Cây Tuổi Các Loại Tone Đỏ Tiêu Chuẩn', 320000, 14, N'Đa quốc gia', N'Hộp', 6.25, 1, N'Trái cây tuổi đa dạng, tone đỏ, tiêu chuẩn.', 1),
(19, 1, 'HOP-TC-22', N'Hộp Quà Trái Cây Tuổi Các Loại Tone Kem Tiêu Chuẩn', 310000, 15, N'Đa quốc gia', N'Hộp', 6.45, 0, N'Trái cây tuổi đa dạng, tone kem, tiêu chuẩn.', 1),
(19, 1, 'HOP-TC-23', N'Hộp Quà Trái Cây & Lan Hộ Điệp Tiêu Chuẩn', 350000, 12, N'Đa quốc gia', N'Hộp', 5.71, 1, N'Trái cây kết hợp lan hộ điệp, tiêu chuẩn.', 1),
(19, 1, 'HOP-TC-24', N'Hộp Quà Trái Cây & Mật Ong Tone Hồng Tiêu Chuẩn', 300000, 16, N'Việt Nam', N'Hộp', 6.67, 1, N'Trái cây kết hợp mật ong, tone hồng, tiêu chuẩn.', 1),
(19, 1, 'HOP-TC-25', N'Hộp Quà Trái Cây Văn Lan Hộ Điệp Tiêu Chuẩn', 340000, 13, N'Đa quốc gia', N'Hộp', 5.88, 1, N'Trái cây cao cấp kết hợp lan hộ điệp kỳ đà.', 1);

-- Nhập kho cho sản phẩm cao cấp, cơ bản, tiêu chuẩn và khuyến mãi mới
select * from products;
INSERT INTO inventory_logs (product_id, change_type, quantity, note) VALUES
(101, 'import', 50, N'Nhập hàng hộp quà cao cấp'),
(102, 'import', 50, N'Nhập hàng hộp quà cao cấp'),
(103, 'import', 50, N'Nhập hàng hộp quà cao cấp'),
(104, 'import', 50, N'Nhập hàng hộp quà cao cấp'),
(105, 'import', 50, N'Nhập hàng hộp quà cao cấp'),
(106, 'import', 50, N'Nhập hàng hộp quà cao cấp'),
(107, 'import', 50, N'Nhập hàng hộp quà cao cấp'),
(108, 'import', 50, N'Nhập hàng hộp quà cao cấp'),
(109, 'import', 50, N'Nhập hàng hộp quà cao cấp'),
(110, 'import', 100, N'Nhập hàng hộp quà cơ bản'),
(111, 'import', 100, N'Nhập hàng hộp quà cơ bản'),
(112, 'import', 100, N'Nhập hàng hộp quà cơ bản'),
(113, 'import', 100, N'Nhập hàng hộp quà cơ bản'),
(114, 'import', 100, N'Nhập hàng hộp quà cơ bản'),
(115, 'import', 100, N'Nhập hàng hộp quà cơ bản'),
(116, 'import', 100, N'Nhập hàng hộp quà cơ bản'),
(117, 'import', 100, N'Nhập hàng hộp quà cơ bản'),
(118, 'import', 100, N'Nhập hàng hộp quà cơ bản'),
(119, 'import', 100, N'Nhập hàng hộp quà cơ bản'),
(120, 'import', 100, N'Nhập hàng hộp quà cơ bản'),
(121, 'import', 100, N'Nhập hàng hộp quà cơ bản'),
(122, 'import', 100, N'Nhập hàng hộp quà cơ bản'),
(123, 'import', 100, N'Nhập hàng hộp quà cơ bản'),
(124, 'import', 100, N'Nhập hàng hộp quà cơ bản'),
(125, 'import', 100, N'Nhập hàng hộp quà cơ bản'),
(126, 'import', 100, N'Nhập hàng hộp quà cơ bản'),
(127, 'import', 100, N'Nhập hàng hộp quà cơ bản'),
(128, 'import', 100, N'Nhập hàng hộp quà cơ bản'),
(129, 'import', 100, N'Nhập hàng hộp quà cơ bản'),
(130, 'import', 100, N'Nhập hàng hộp quà cơ bản'),
-- Hộp quà tiêu chuẩn (IDs 131-155)
(131, 'import', 80, N'Nhập hàng hộp quà tiêu chuẩn'),
(132, 'import', 80, N'Nhập hàng hộp quà tiêu chuẩn'),
(133, 'import', 80, N'Nhập hàng hộp quà tiêu chuẩn'),
(134, 'import', 80, N'Nhập hàng hộp quà tiêu chuẩn'),
(135, 'import', 80, N'Nhập hàng hộp quà tiêu chuẩn'),
(136, 'import', 80, N'Nhập hàng hộp quà tiêu chuẩn'),
(137, 'import', 80, N'Nhập hàng hộp quà tiêu chuẩn'),
(138, 'import', 80, N'Nhập hàng hộp quà tiêu chuẩn'),
(139, 'import', 80, N'Nhập hàng hộp quà tiêu chuẩn'),
(140, 'import', 80, N'Nhập hàng hộp quà tiêu chuẩn'),
(141, 'import', 80, N'Nhập hàng hộp quà tiêu chuẩn'),
(142, 'import', 80, N'Nhập hàng hộp quà tiêu chuẩn'),
(143, 'import', 80, N'Nhập hàng hộp quà tiêu chuẩn'),
(144, 'import', 80, N'Nhập hàng hộp quà tiêu chuẩn'),
(145, 'import', 80, N'Nhập hàng hộp quà tiêu chuẩn'),
(146, 'import', 80, N'Nhập hàng hộp quà tiêu chuẩn'),
(147, 'import', 80, N'Nhập hàng hộp quà tiêu chuẩn'),
(148, 'import', 80, N'Nhập hàng hộp quà tiêu chuẩn'),
(149, 'import', 80, N'Nhập hàng hộp quà tiêu chuẩn'),
(150, 'import', 80, N'Nhập hàng hộp quà tiêu chuẩn');

-- 9. REVIEWS (Tạo khoảng 4-5 đánh giá cho mỗi sản phẩm)
INSERT INTO reviews (product_id, user_id, rating, comment, status, created_at) VALUES
-- Sản phẩm 1
(1, 2, 5, N'Táo rất giòn và ngọt, giao hàng nhanh.', 1, '2024-10-01'),
(1, 10, 4, N'Táo ngon, đóng gói kỹ.', 1, '2024-10-05'),
(1, 15, 5, N'Rất hài lòng với chất lượng táo Envy.', 1, '2024-10-10'),
(1, 20, 5, N'Giao hàng đúng hẹn, táo tươi.', 1, '2024-10-15'),
-- Sản phẩm 2
(2, 3, 4, N'Táo ngọt thanh, vỏ mỏng.', 1, '2024-10-02'),
(2, 11, 3, N'Táo hơi nhỏ so với mong đợi.', 1, '2024-10-06'),
(2, 16, 4, N'Chất lượng ổn trong tầm giá.', 1, '2024-10-11'),
(2, 21, 5, N'Rất thích hợp cho bé ăn dặm.', 1, '2024-10-16'),
-- Sản phẩm 3
(3, 4, 5, N'Nho mẫu đơn quá xuất sắc, thơm mùi sữa.', 1, '2024-10-03'),
(3, 12, 5, N'Đắt xắt ra miếng, nho rất tươi.', 1, '2024-10-07'),
(3, 17, 4, N'Ngon nhưng giá hơi cao chút.', 1, '2024-10-12'),
(3, 22, 5, N'Trái to, ngọt lịm, cả nhà đều thích.', 1, '2024-10-17'),
-- Sản phẩm 4
(4, 5, 5, N'Nho đen giòn, không hạt, rất ngọt.', 1, '2024-10-04'),
(4, 13, 4, N'Giao hàng nhanh, nho còn tươi rói.', 1, '2024-10-08'),
(4, 18, 5, N'Sẽ tiếp tục ủng hộ shop.', 1, '2024-10-13'),
(4, 23, 4, N'Nho ngon, sạch sẽ.', 1, '2024-10-18'),
-- Sản phẩm 5
(5, 6, 4, N'Cam tươi, mọng nước.', 1, '2024-10-05'),
(5, 14, 5, N'Cam Navel Úc rất thơm, không hạt.', 1, '2024-10-09'),
(5, 19, 4, N'Uống nước cam này rất chất lượng.', 1, '2024-10-14'),
(5, 24, 3, N'Hơi chua một chút so với đợt trước.', 1, '2024-10-19'),
-- Sản phẩm 6
(6, 7, 5, N'Lê Hàn Quốc trái to, nhiều nước.', 1, '2024-10-06'),
(6, 25, 4, N'Vị ngọt mát, rất hợp giải nhiệt.', 1, '2024-10-10'),
(6, 30, 5, N'Đóng gói rất chuyên nghiệp.', 1, '2024-10-15'),
(6, 35, 4, N'Lê giòn và ngọt.', 1, '2024-10-20'),
-- Sản phẩm 7
(7, 8, 5, N'Dâu tây Hàn Quốc thơm nồng nàn.', 1, '2024-10-07'),
(7, 26, 5, N'Trái dâu mọng, không bị dập.', 1, '2024-10-11'),
(7, 31, 4, N'Giá hơi cao nhưng chất lượng xứng đáng.', 1, '2024-10-16'),
(7, 36, 5, N'Con mình rất thích loại dâu này.', 1, '2024-10-21'),
-- Sản phẩm 8
(8, 9, 5, N'Việt quất quả to, chắc.', 1, '2024-10-08'),
(8, 27, 4, N'Vị chua ngọt hài hòa, rất ngon.', 1, '2024-10-12'),
(8, 32, 5, N'Ăn kèm sữa chua rất tuyệt.', 1, '2024-10-17'),
(8, 37, 5, N'Hàng New Zealand chuẩn xịn.', 1, '2024-10-22'),
-- Sản phẩm 9
(9, 10, 4, N'Cam sành Tiền Giang mọng nước.', 1, '2024-10-09'),
(9, 28, 4, N'Giá rẻ, cam tươi xanh.', 1, '2024-10-13'),
(9, 33, 5, N'Vắt nước uống rất tốt cho sức khỏe.', 1, '2024-10-18'),
(9, 38, 3, N'Nhiều hạt quá.', 1, '2024-10-23'),
-- Sản phẩm 10
(10, 11, 5, N'Sầu riêng Ri6 cơm vàng hạt lép.', 1, '2024-10-10'),
(10, 29, 5, N'Thơm nức mũi, béo ngậy.', 1, '2024-10-14'),
(10, 34, 4, N'Giao hàng đúng lúc sầu vừa chín tới.', 1, '2024-10-19'),
(10, 39, 5, N'Đúng chuẩn sầu riêng Cái Mơn.', 1, '2024-10-24'),
-- Sản phẩm 11
(11, 12, 5, N'Bưởi da xanh tép hồng rất đẹp.', 1, '2024-10-11'),
(11, 30, 4, N'Vị ngọt thanh, dễ bóc vỏ.', 1, '2024-10-15'),
(11, 35, 5, N'Bưởi rất tươi, để được lâu.', 1, '2024-10-20'),
(11, 40, 4, N'Ăn rất mát, tốt cho da.', 1, '2024-10-25'),
-- Sản phẩm 12
(12, 13, 5, N'Xoài cát Hòa Lộc thơm và ngọt đậm.', 1, '2024-10-12'),
(12, 31, 5, N'Đúng loại xoài mình tìm kiếm bấy lâu.', 1, '2024-10-16'),
(12, 36, 4, N'Trái to, không bị sâu hay dập.', 1, '2024-10-21'),
(12, 41, 5, N'Xứng danh đặc sản Cao Lãnh.', 1, '2024-10-26'),
-- Sản phẩm 13
(13, 14, 4, N'Vải thiều Lục Ngạn ngọt lịm.', 1, '2024-10-13'),
(13, 32, 5, N'Cùi dày, hạt nhỏ xíu.', 1, '2024-10-17'),
(13, 37, 4, N'Ăn rất đã, chuẩn vị mùa vụ.', 1, '2024-10-22'),
(13, 42, 3, N'Hơi nóng nhưng vì ngon nên vẫn ăn.', 1, '2024-10-27'),
-- Sản phẩm 14
(14, 15, 5, N'Nhãn lồng Hưng Yên tiến vua có khác.', 1, '2024-10-14'),
(14, 33, 4, N'Trái nhãn to, cùi giòn.', 1, '2024-10-18'),
(14, 38, 5, N'Mùi thơm rất đặc trưng.', 1, '2024-10-23'),
(14, 43, 5, N'Rất hài lòng với chất lượng.', 1, '2024-10-28'),
-- Sản phẩm 15
(15, 16, 5, N'Dâu tây Đà Lạt New Zealand tươi ngon.', 1, '2024-10-15'),
(15, 34, 4, N'Vị chua ngọt nhẹ, thơm.', 1, '2024-10-19'),
(15, 39, 5, N'Ủng hộ hàng Việt Nam chất lượng cao.', 1, '2024-10-24'),
(15, 44, 4, N'Giao hàng nhanh, dâu vẫn còn lạnh.', 1, '2024-10-29'),
-- Sản phẩm 16
(16, 17, 5, N'Giỏ quà Tết đóng gói rất sang trọng.', 1, '2024-10-16'),
(16, 35, 5, N'Trái cây trong giỏ đều rất tươi.', 1, '2024-10-20'),
(16, 40, 5, N'Người nhận rất hài lòng với món quà này.', 1, '2024-10-25'),
(16, 45, 4, N'Giá cả hợp lý cho một giỏ quà cao cấp.', 1, '2024-10-30'),
-- Sản phẩm 17
(17, 18, 5, N'Giỏ quà khai trương rất rực rỡ.', 1, '2024-10-17'),
(17, 36, 5, N'Mang đi tặng rất tự tin.', 1, '2024-10-21'),
(17, 41, 4, N'Cách phối màu trái cây rất đẹp mắt.', 1, '2024-10-26'),
(17, 46, 5, N'Shop tư vấn rất nhiệt tình.', 1, '2024-10-31'),
-- Sản phẩm 18
(18, 19, 5, N'Táo Rockit ăn rất giòn và tiện.', 1, '2024-10-18'),
(18, 37, 5, N'Ống 4 quả rất xinh, thích hợp mang đi làm.', 1, '2024-10-22'),
(18, 42, 4, N'Vị ngọt đậm, táo chắc quả.', 1, '2024-10-27'),
(18, 47, 5, N'Giá tốt hơn các chỗ khác mình từng mua.', 1, '2024-11-01'),
-- Sản phẩm 19
(19, 20, 4, N'Nho đỏ Mỹ tươi, không bị rụng.', 1, '2024-10-19'),
(19, 38, 4, N'Vị ngọt dịu, dễ ăn.', 1, '2024-10-23'),
(19, 43, 3, N'Có vài quả hơi mềm.', 1, '2024-10-28'),
(19, 48, 5, N'Đóng gói cẩn thận, nho sạch.', 1, '2024-11-02'),
-- Sản phẩm 20
(20, 21, 4, N'Cam Ai Cập nhiều nước.', 1, '2024-10-20'),
(20, 39, 3, N'Vỏ hơi dày nhưng nước ngọt.', 1, '2024-10-24'),
(20, 44, 4, N'Giá rẻ, phù hợp uống hằng ngày.', 1, '2024-10-29'),
(20, 49, 4, N'Giao hàng nhanh.', 1, '2024-11-03'),
-- Sản phẩm 21
(21, 22, 5, N'Lê Nam Phi giòn, vị thanh.', 1, '2024-10-21'),
(21, 40, 4, N'Trái lê má hồng nhìn rất đẹp.', 1, '2024-10-25'),
(21, 45, 5, N'Ăn mát, cả nhà đều khen.', 1, '2024-10-30'),
(21, 50, 4, N'Chất lượng ổn định.', 1, '2024-11-04'),
-- Sản phẩm 22
(22, 23, 5, N'Thanh long ruột đỏ ngọt hơn ruột trắng.', 1, '2024-10-22'),
(22, 41, 4, N'Màu sắc rất đẹp, trang trí món ăn tuyệt.', 1, '2024-10-26'),
(22, 46, 5, N'Thanh long Bình Thuận vẫn là số 1.', 1, '2024-10-31'),
(22, 2, 4, N'Tươi, ngọt mát.', 1, '2024-11-05'),
-- Sản phẩm 23
(23, 24, 4, N'Mãng cầu xiêm chua ngọt vừa miệng.', 1, '2024-10-23'),
(23, 42, 5, N'Làm sinh tố mãng cầu rất ngon.', 1, '2024-10-27'),
(23, 47, 4, N'Quả già, nhanh chín.', 1, '2024-11-01'),
(23, 3, 5, N'Rất hài lòng.', 1, '2024-11-06'),
-- Sản phẩm 24
(24, 25, 5, N'Chôm chôm nhãn giòn tan, tróc hạt.', 1, '2024-10-24'),
(24, 43, 5, N'Chôm chôm tươi, không bị sâu đầu.', 1, '2024-10-28'),
(24, 48, 4, N'Vị ngọt lịm, đúng chất Long Khánh.', 1, '2024-11-02'),
(24, 4, 5, N'Ăn rất dính, mua 2kg mà loáng cái hết.', 1, '2024-11-07'),
-- Sản phẩm 25
(25, 26, 5, N'Măng cụt Lái Thiêu vỏ mỏng, không sượng.', 1, '2024-10-25'),
(25, 44, 5, N'Măng cụt rất trắng và ngọt.', 1, '2024-10-29'),
(25, 49, 4, N'Hiếm khi mua được măng cụt ngon thế này.', 1, '2024-11-03'),
(25, 5, 5, N'Vua trái cây có khác, quá tuyệt.', 1, '2024-11-08'),
-- Sản phẩm 26
(26, 27, 5, N'Vú sữa Lò Rèn thơm mùi sữa.', 1, '2024-10-26'),
(26, 45, 4, N'Vị ngọt lịm, vỏ mỏng.', 1, '2024-10-30'),
(26, 50, 5, N'Đặc sản Vĩnh Kim chuẩn vị.', 1, '2024-11-04'),
(26, 6, 5, N'Giao hàng nhanh, vú sữa không bị dập.', 1, '2024-11-09'),
-- Sản phẩm 27
(27, 28, 4, N'Quýt hồng Lai Vung vỏ mỏng, màu đẹp.', 1, '2024-10-27'),
(27, 46, 5, N'Vị chua ngọt đặc trưng, rất dễ ăn.', 1, '2024-10-31'),
(27, 2, 4, N'Bày mâm ngũ quả rất đẹp.', 1, '2024-11-05'),
(27, 7, 3, N'Hơi nhiều hạt.', 1, '2024-11-10'),
-- Sản phẩm 28
(28, 29, 5, N'Táo Ambrosia thơm mùi mật ong.', 1, '2024-10-28'),
(28, 47, 4, N'Táo giòn, vị ngọt dịu.', 1, '2024-11-01'),
(28, 3, 5, N'Hàng Canada chất lượng tuyệt vời.', 1, '2024-11-06'),
(28, 8, 5, N'Rất đáng mua.', 1, '2024-11-11'),
-- Sản phẩm 29
(29, 30, 5, N'Táo Fuji Nhật quả siêu to, giòn tan.', 1, '2024-10-29'),
(29, 48, 5, N'Vị ngọt đậm đà, đẳng cấp.', 1, '2024-11-02'),
(29, 4, 5, N'Làm quà biếu cực kỳ sang trọng.', 1, '2024-11-07'),
(29, 9, 5, N'Tiền nào của nấy, táo rất ngon.', 1, '2024-11-12'),
-- Sản phẩm 30
(30, 31, 5, N'Nho ngón tay Úc ngọt lịm.', 1, '2024-10-30'),
(30, 49, 4, N'Hình dáng lạ mắt, trẻ con rất thích.', 1, '2024-11-03'),
(30, 5, 5, N'Nho chắc quả, không bị mềm.', 1, '2024-11-08'),
(30, 10, 5, N'Rất hài lòng.', 1, '2024-11-13'),
-- Sản phẩm 31
(31, 32, 5, N'Cam Sunkist Mỹ chuẩn thương hiệu.', 1, '2024-10-31'),
(31, 50, 4, N'Cam mọng nước, vỏ vàng óng.', 1, '2024-11-04'),
(31, 6, 5, N'Dùng làm quà biếu rất tốt.', 1, '2024-11-09'),
(31, 11, 4, N'Vị ngọt thanh, thơm.', 1, '2024-11-14'),
-- Sản phẩm 32
(32, 33, 4, N'Phúc bồn tử tươi, không bị nát.', 1, '2024-11-01'),
(32, 2, 5, N'Vị chua ngọt rất kích thích vị giác.', 1, '2024-11-05'),
(32, 7, 4, N'Làm mứt hoặc uống trà đều ngon.', 1, '2024-11-10'),
(32, 12, 5, N'Hàng Đà Lạt chất lượng.', 1, '2024-11-15'),
-- Sản phẩm 33
(33, 34, 5, N'Cherry đỏ Mỹ size lớn, chắc quả.', 1, '2024-11-02'),
(33, 3, 5, N'Cherry rất ngọt, cuống còn xanh.', 1, '2024-11-06'),
(33, 8, 5, N'Giao hàng nhanh, giữ lạnh tốt.', 1, '2024-11-11'),
(33, 13, 5, N'Đỉnh cao của các loại trái cây.', 1, '2024-11-16'),
-- Sản phẩm 34
(34, 35, 5, N'Cherry vàng Rainier ngọt như mật.', 1, '2024-11-03'),
(34, 4, 5, N'Loại cherry ngon nhất mình từng ăn.', 1, '2024-11-07'),
(34, 9, 5, N'Màu sắc đẹp, vị ngọt đậm đà.', 1, '2024-11-12'),
(34, 14, 5, N'Sẽ mua lại nhiều lần.', 1, '2024-11-17'),
-- Sản phẩm 35
(35, 36, 5, N'Vải trứng Hưng Yên to như quả trứng gà.', 1, '2024-11-04'),
(35, 5, 4, N'Vị ngọt đặc biệt, cùi rất dày.', 1, '2024-11-08'),
(35, 10, 5, N'Hàng hiếm, may mà mua được.', 1, '2024-11-13'),
(35, 15, 5, N'Rất ấn tượng với kích thước.', 1, '2024-11-18'),
-- Sản phẩm 36
(36, 37, 5, N'Cam xoàn Lai Vung ngọt thanh.', 1, '2024-11-05'),
(36, 6, 5, N'Cam này trẻ em uống rất tốt, không cần thêm đường.', 1, '2024-11-09'),
(36, 11, 4, N'Cam tươi, vỏ mỏng.', 1, '2024-11-14'),
(36, 16, 5, N'Chất lượng tuyệt vời.', 1, '2024-11-19'),
-- Sản phẩm 37
(37, 38, 5, N'Na Chi Lăng thịt trắng bùi, ít hạt.', 1, '2024-11-06'),
(37, 7, 4, N'Na dai, ngọt lịm.', 1, '2024-11-10'),
(37, 12, 5, N'Đặc sản Lạng Sơn chuẩn không cần chỉnh.', 1, '2024-11-15'),
(37, 17, 4, N'Quả to đều, nhìn rất ưng.', 1, '2024-11-20'),
-- Sản phẩm 38
(38, 39, 5, N'Xoài tứ quý giòn, chua ngọt hài hòa.', 1, '2024-11-07'),
(38, 8, 4, N'Chấm muối ớt ăn là hết sảy.', 1, '2024-11-11'),
(38, 13, 5, N'Xoài tươi, không bị xơ.', 1, '2024-11-16'),
(38, 18, 4, N'Giao hàng nhanh.', 1, '2024-11-21'),
-- Sản phẩm 39
(39, 40, 5, N'Sầu riêng Musang King quá thơm ngon.', 1, '2024-11-08'),
(39, 9, 5, N'Vị đắng nhẹ, béo ngậy đặc trưng.', 1, '2024-11-12'),
(39, 14, 5, N'Dù là hàng đông lạnh nhưng chất lượng vẫn rất tốt.', 1, '2024-11-17'),
(39, 19, 5, N'Thỏa mãn cơn thèm sầu riêng.', 1, '2024-11-22'),
-- Sản phẩm 40
(40, 41, 5, N'Dưa lưới Taki thơm phức.', 1, '2024-11-09'),
(40, 10, 4, N'Vị ngọt vừa, giòn tan.', 1, '2024-11-13'),
(40, 15, 5, N'Trái dưa vân đẹp, thích hợp làm quà.', 1, '2024-11-18'),
(40, 20, 5, N'Rất tươi ngon.', 1, '2024-11-23'),
-- Sản phẩm 41
(41, 42, 5, N'Dưa hấu không hạt rất tiện.', 1, '2024-11-10'),
(41, 11, 4, N'Dưa ngọt, mọng nước.', 1, '2024-11-14'),
(41, 16, 5, N'Giải khát mùa hè quá tuyệt.', 1, '2024-11-19'),
(41, 21, 5, N'Hài lòng.', 1, '2024-11-24'),
-- Sản phẩm 42
(42, 43, 5, N'Dừa xiêm ngọt mát lạnh.', 1, '2024-11-11'),
(42, 12, 5, N'Cơm dừa mềm, nước dừa ngọt.', 1, '2024-11-15'),
(42, 17, 4, N'Dừa tươi, dễ chặt.', 1, '2024-11-20'),
(42, 22, 5, N'Chuẩn dừa Bến Tre.', 1, '2024-11-25'),
-- Sản phẩm 43
(43, 44, 4, N'Đu đủ chín cây ngọt lịm.', 1, '2024-11-12'),
(43, 13, 5, N'Ruột đỏ đẹp, không bị đắng.', 1, '2024-11-16'),
(43, 18, 4, N'Quả vừa ăn, chín đều.', 1, '2024-11-21'),
(43, 23, 5, N'Tốt cho tiêu hóa.', 1, '2024-11-26'),
-- Sản phẩm 44
(44, 45, 3, N'Chuối hơi xanh khi nhận.', 1, '2024-11-13'),
(44, 14, 4, N'Chuối già Nam Mỹ quả to, đẹp.', 1, '2024-11-17'),
(44, 19, 5, N'Để vài ngày chín ăn rất ngon.', 1, '2024-11-22'),
(44, 24, 4, N'Chất lượng tốt.', 1, '2024-11-27'),
-- Sản phẩm 45
(45, 46, 4, N'Xoài Đài Loan quả to, thịt dày.', 1, '2024-11-14'),
(45, 15, 5, N'Ăn xanh giòn, làm gỏi rất ngon.', 1, '2024-11-18'),
(45, 20, 4, N'Giá rẻ, xoài tươi.', 1, '2024-11-23'),
(45, 25, 4, N'Giao hàng nhanh.', 1, '2024-11-28'),
-- Sản phẩm 46
(46, 47, 5, N'Mít thái giòn, ngọt.', 1, '2024-11-15'),
(46, 16, 4, N'Múi mít to, đều.', 1, '2024-11-19'),
(46, 21, 5, N'Ăn rất thơm, không bị xơ.', 1, '2024-11-24'),
(46, 26, 5, N'Hài lòng.', 1, '2024-11-29'),
-- Sản phẩm 47
(47, 48, 5, N'Mít tố nữ thơm lừng cả phòng.', 1, '2024-11-16'),
(47, 17, 5, N'Múi mít mật ngọt, rất ngon.', 1, '2024-11-20'),
(47, 22, 4, N'Đặc sản Long Khánh không làm thất vọng.', 1, '2024-11-25'),
(47, 27, 5, N'Giao hàng nhanh, mít còn tươi.', 1, '2024-11-30'),
-- Sản phẩm 48
(48, 49, 5, N'Sapo ngọt lịm như đường.', 1, '2024-11-17'),
(48, 18, 5, N'Thịt sapo mịn, không bị cát.', 1, '2024-11-21'),
(48, 23, 4, N'Đặc sản Tiền Giang rất chất lượng.', 1, '2024-11-26'),
(48, 28, 5, N'Quả to, chín đều.', 1, '2024-12-01'),
-- Sản phẩm 49
(49, 50, 5, N'Ổi nữ hoàng giòn tan, ít hạt.', 1, '2024-11-18'),
(49, 19, 4, N'Ổi tươi, vị ngọt thanh.', 1, '2024-11-22'),
(49, 24, 5, N'Ăn rất mát, giàu vitamin C.', 1, '2024-11-27'),
(49, 29, 5, N'Giá cả rất hợp lý.', 1, '2024-12-02'),
-- Sản phẩm 50
(50, 2, 5, N'Giỏ quà sinh nhật rất đẹp và sang.', 1, '2024-11-19'),
(50, 20, 5, N'Trái cây phối hợp rất tinh tế.', 1, '2024-11-23'),
(50, 25, 5, N'Dịch vụ của shop rất tốt.', 1, '2024-11-28'),
(50, 30, 4, N'Làm quà tặng rất hợp ý.', 1, '2024-12-03'),
-- Sản phẩm 51-95 (Giỏ quà thêm mới)
(51, 3, 5, N'Giỏ quà Tết phú quý rất đẹp.', 1, '2024-12-01'),
(51, 11, 5, N'Trái cây tươi, trang trí bắt mắt.', 1, '2024-12-05'),
(51, 21, 5, N'Rất thích hợp biếu đối tác.', 1, '2024-12-10'),
(51, 31, 5, N'Hài lòng tuyệt đối.', 1, '2024-12-15'),
(52, 4, 5, N'Giỏ quà sang trọng.', 1, '2024-12-02'),
(52, 12, 4, N'Giá hơi cao nhưng chất lượng tốt.', 1, '2024-12-06'),
(52, 22, 5, N'Người thân của tôi rất thích.', 1, '2024-12-11'),
(52, 32, 5, N'Shop phục vụ chu đáo.', 1, '2024-12-16'),
(53, 5, 5, N'Giỏ quà An Khang tuyệt vời.', 1, '2024-12-03'),
(53, 13, 5, N'Giao hàng nhanh dù cận Tết.', 1, '2024-12-07'),
(53, 23, 5, N'Trái cây nhập khẩu rất xịn.', 1, '2024-12-12'),
(53, 33, 5, N'Sẽ tiếp tục ủng hộ.', 1, '2024-12-17'),
(54, 6, 4, N'Giỏ quà Vạn Sự Như Ý đẹp.', 1, '2024-12-04'),
(54, 14, 5, N'Trái cây tươi rói.', 1, '2024-12-08'),
(54, 24, 4, N'Đóng gói chắc chắn.', 1, '2024-12-13'),
(54, 34, 5, N'Món quà ý nghĩa.', 1, '2024-12-18'),
(55, 7, 5, N'Cát Tường Như Ý - Tên hay quà đẹp.', 1, '2024-12-05'),
(55, 15, 5, N'Chất lượng trái cây không chê vào đâu được.', 1, '2024-12-09'),
(55, 25, 5, N'Dịch vụ chuyên nghiệp.', 1, '2024-12-14'),
(55, 35, 5, N'Rất đáng tiền.', 1, '2024-12-19'),
-- ... (Tương tự cho các sản phẩm còn lại)
(60, 10, 5, N'Giỏ quà Sinh nhật rất tươi tắn.', 1, '2024-11-20'),
(60, 20, 4, N'Phối màu rất đẹp mắt.', 1, '2024-11-25'),
(60, 30, 5, N'Trái cây ngọt và ngon.', 1, '2024-11-30'),
(60, 40, 5, N'Quà tặng rất được lòng người nhận.', 1, '2024-12-05'),
(75, 15, 5, N'Giỏ quà Khai trương rực rỡ.', 1, '2024-11-21'),
(75, 25, 5, N'Chúc shop khai trương hồng phát.', 1, '2024-11-26'),
(75, 35, 4, N'Giao hàng đúng giờ lễ.', 1, '2024-12-01'),
(75, 45, 5, N'Sẽ giới thiệu cho bạn bè.', 1, '2024-12-06'),
(95, 50, 5, N'Giỏ quà Vinh Hoa Hiển Đạt quá đẳng cấp.', 1, '2024-12-20'),
(95, 40, 5, N'Đỉnh cao quà tặng trái cây.', 1, '2024-12-21'),
(95, 30, 5, N'Rất ấn tượng với cách đóng gói.', 1, '2024-12-22'),
(95, 20, 5, N'Chất lượng tuyệt đối.', 1, '2024-12-23')